dataset_id,ntaxa,nsites,replicate,tool,wall_time_s,peak_mem_kb,lnl_jc69,rf_distance,nrf_distance,timed_out
sim_10_500_rep1,10,500,1,phylip-rs-ml,0.9273,2704,-1716.735582,6,0.428571,False
sim_10_500_rep1,10,500,1,phylip-rs-nj,0.0902,1968,-1716.735579,4,0.285714,False
sim_10_500_rep1,10,500,1,iqtree,3.1167,54656,-1716.735579,4,0.285714,False
sim_10_500_rep1,10,500,1,raxml-ng,0.7196,19792,-1716.735579,4,0.285714,False
sim_10_500_rep1,10,500,1,veryfasttree,0.0932,3728,-1716.735579,4,0.285714,False
sim_10_500_rep2,10,500,2,phylip-rs-ml,1.0810,2736,-2324.836140,2,0.142857,False
sim_10_500_rep2,10,500,2,phylip-rs-nj,0.0675,1968,-2327.427099,6,0.428571,False
sim_10_500_rep2,10,500,2,iqtree,3.1462,54768,-2324.565401,0,0.000000,False
sim_10_500_rep2,10,500,2,raxml-ng,1.0101,19872,-2324.564982,0,0.000000,False
sim_10_500_rep2,10,500,2,veryfasttree,0.0799,3584,-2324.564983,0,0.000000,False
sim_10_500_rep3,10,500,3,phylip-rs-ml,0.8374,2720,-1864.919975,4,0.285714,False
sim_10_500_rep3,10,500,3,phylip-rs-nj,0.0695,1920,-1864.919975,4,0.285714,False
sim_10_500_rep3,10,500,3,iqtree,3.1384,55008,-1864.919975,2,0.142857,False
sim_10_500_rep3,10,500,3,raxml-ng,0.8766,19824,-1864.920360,2,0.142857,False
sim_10_500_rep3,10,500,3,veryfasttree,0.0757,3552,-1864.919975,2,0.142857,False
sim_10_1000_rep1,10,1000,1,phylip-rs-ml,1.6530,3200,-3383.261538,4,0.285714,False
sim_10_1000_rep1,10,1000,1,phylip-rs-nj,0.0894,1936,-3370.205341,0,0.000000,False
sim_10_1000_rep1,10,1000,1,iqtree,3.3097,55040,-3370.205341,0,0.000000,False
sim_10_1000_rep1,10,1000,1,raxml-ng,1.0281,19824,-3370.205341,0,0.000000,False
sim_10_1000_rep1,10,1000,1,veryfasttree,0.0956,3648,-3370.205341,0,0.000000,False
sim_10_1000_rep2,10,1000,2,phylip-rs-ml,1.2326,3232,-4601.565948,4,0.285714,False
sim_10_1000_rep2,10,1000,2,phylip-rs-nj,0.1039,2016,-4588.571586,2,0.142857,False
sim_10_1000_rep2,10,1000,2,iqtree,3.4507,55120,-4588.571585,2,0.142857,False
sim_10_1000_rep2,10,1000,2,raxml-ng,1.4944,19936,-4588.571585,2,0.142857,False
sim_10_1000_rep2,10,1000,2,veryfasttree,0.1073,3792,-4588.571585,2,0.142857,False
sim_10_1000_rep3,10,1000,3,phylip-rs-ml,0.9278,3152,-3987.794734,2,0.142857,False
sim_10_1000_rep3,10,1000,3,phylip-rs-nj,0.0859,1984,-3986.698449,6,0.428571,False
sim_10_1000_rep3,10,1000,3,iqtree,3.3197,54608,-3986.698449,6,0.428571,False
sim_10_1000_rep3,10,1000,3,raxml-ng,1.1659,19984,-3986.699304,6,0.428571,False
sim_10_1000_rep3,10,1000,3,veryfasttree,0.1126,3728,-3986.698449,6,0.428571,False
sim_20_500_rep1,20,500,1,phylip-rs-ml,12.1946,3552,-3348.724059,10,0.294118,False
sim_20_500_rep1,20,500,1,phylip-rs-nj,0.1183,2128,-3349.056997,12,0.352941,False
sim_20_500_rep1,20,500,1,iqtree,4.4802,54592,-3348.572820,10,0.294118,False
sim_20_500_rep1,20,500,1,raxml-ng,5.3373,20448,-3348.572820,10,0.294118,False
sim_20_500_rep1,20,500,1,veryfasttree,0.1368,3904,-3348.572821,10,0.294118,False
sim_20_500_rep2,20,500,2,phylip-rs-ml,10.3905,3440,-3549.309054,14,0.411765,False
sim_20_500_rep2,20,500,2,phylip-rs-nj,0.1063,2128,-3547.961688,10,0.294118,False
sim_20_500_rep2,20,500,2,iqtree,5.3813,54960,-3547.962942,12,0.352941,False
sim_20_500_rep2,20,500,2,raxml-ng,5.3739,20528,-3547.962405,12,0.352941,False
sim_20_500_rep2,20,500,2,veryfasttree,0.1489,3984,-3547.961688,12,0.352941,False
sim_20_500_rep3,20,500,3,phylip-rs-ml,6.0843,3568,-3286.351707,8,0.235294,False
sim_20_500_rep3,20,500,3,phylip-rs-nj,0.1046,2128,-3289.143666,10,0.294118,False
sim_20_500_rep3,20,500,3,iqtree,4.1194,54832,-3286.351705,12,0.352941,False
sim_20_500_rep3,20,500,3,raxml-ng,4.4603,20400,-3286.351705,12,0.352941,False
sim_20_500_rep3,20,500,3,veryfasttree,0.1415,3904,-3286.351705,12,0.352941,False
sim_20_1000_rep1,20,1000,1,phylip-rs-ml,12.3607,4416,-4565.189635,14,0.411765,False
sim_20_1000_rep1,20,1000,1,phylip-rs-nj,0.2073,2224,-4565.142849,10,0.294118,False
sim_20_1000_rep1,20,1000,1,iqtree,4.5244,55312,-4565.143338,10,0.294118,False
sim_20_1000_rep1,20,1000,1,raxml-ng,3.8943,20432,-4565.143436,10,0.294118,False
sim_20_1000_rep1,20,1000,1,veryfasttree,0.1871,4224,-4565.142849,12,0.352941,False
sim_20_1000_rep2,20,1000,2,phylip-rs-ml,12.2427,4336,-6631.078611,6,0.176471,False
sim_20_1000_rep2,20,1000,2,phylip-rs-nj,0.1715,2176,-6633.153189,8,0.235294,False
sim_20_1000_rep2,20,1000,2,iqtree,5.0326,55024,-6630.282197,6,0.176471,False
sim_20_1000_rep2,20,1000,2,raxml-ng,7.7191,20880,-6630.282197,6,0.176471,False
sim_20_1000_rep2,20,1000,2,veryfasttree,0.1805,4288,-6630.952238,2,0.058824,False
sim_20_1000_rep3,20,1000,3,phylip-rs-ml,9.5602,4384,-8050.452919,20,0.588235,False
sim_20_1000_rep3,20,1000,3,phylip-rs-nj,0.1641,2144,-8047.718052,14,0.411765,False
sim_20_1000_rep3,20,1000,3,iqtree,5.0826,54416,-8023.151931,6,0.176471,False
sim_20_1000_rep3,20,1000,3,raxml-ng,10.3780,21200,-8023.151931,6,0.176471,False
sim_20_1000_rep3,20,1000,3,veryfasttree,0.2246,4352,-8031.616878,12,0.352941,False
sim_20_5000_rep1,20,5000,1,phylip-rs-ml,62.7145,19280,-30688.720864,4,0.117647,False
sim_20_5000_rep1,20,5000,1,phylip-rs-nj,0.6857,2512,-30684.765524,4,0.117647,False
sim_20_5000_rep1,20,5000,1,iqtree,9.3990,54496,-30676.839991,0,0.000000,False
sim_20_5000_rep1,20,5000,1,raxml-ng,21.4506,22944,-30676.839991,0,0.000000,False
sim_20_5000_rep1,20,5000,1,veryfasttree,1.0838,7472,-30676.839991,0,0.000000,False
sim_20_5000_rep2,20,5000,2,phylip-rs-ml,73.0250,19328,-32665.772646,18,0.529412,False
sim_20_5000_rep2,20,5000,2,phylip-rs-nj,0.8912,2464,-32592.226881,10,0.294118,False
sim_20_5000_rep2,20,5000,2,iqtree,11.4529,54256,-32584.748442,4,0.117647,False
sim_20_5000_rep2,20,5000,2,raxml-ng,25.2647,23440,-32584.748442,4,0.117647,False
sim_20_5000_rep2,20,5000,2,veryfasttree,1.2145,7264,-32584.748442,4,0.117647,False
sim_20_5000_rep3,20,5000,3,phylip-rs-ml,70.2172,19072,-35848.850268,2,0.058824,False
sim_20_5000_rep3,20,5000,3,phylip-rs-nj,0.9619,2464,-35848.850269,2,0.058824,False
sim_20_5000_rep3,20,5000,3,iqtree,9.3118,53728,-35848.850268,2,0.058824,False
sim_20_5000_rep3,20,5000,3,raxml-ng,24.8181,23472,-35848.850268,2,0.058824,False
sim_20_5000_rep3,20,5000,3,veryfasttree,1.0317,6896,-35848.850268,2,0.058824,False
sim_50_1000_rep1,50,1000,1,phylip-rs-ml,203.8261,6640,-9914.405246,30,0.319149,False
sim_50_1000_rep1,50,1000,1,phylip-rs-nj,0.9517,2736,-9908.901778,26,0.276596,False
sim_50_1000_rep1,50,1000,1,iqtree,9.9884,54208,-9905.797141,24,0.255319,False
sim_50_1000_rep1,50,1000,1,raxml-ng,41.1665,23056,-9905.797141,24,0.255319,False
sim_50_1000_rep1,50,1000,1,veryfasttree,0.4916,5392,-9905.797142,24,0.255319,False
sim_50_1000_rep2,50,1000,2,phylip-rs-ml,234.4719,6736,-11837.755743,30,0.319149,False
sim_50_1000_rep2,50,1000,2,phylip-rs-nj,1.0270,2576,-11841.171679,34,0.361702,False
sim_50_1000_rep2,50,1000,2,iqtree,13.8098,54144,-11822.169573,28,0.297872,False
sim_50_1000_rep2,50,1000,2,raxml-ng,49.6001,23392,-11822.168280,28,0.297872,False
sim_50_1000_rep2,50,1000,2,veryfasttree,0.5964,5952,-11825.466939,32,0.340426,False
sim_50_1000_rep3,50,1000,3,phylip-rs-ml,236.6639,7264,-11988.243516,28,0.297872,False
sim_50_1000_rep3,50,1000,3,phylip-rs-nj,1.1446,2720,-12005.319000,36,0.382979,False
sim_50_1000_rep3,50,1000,3,iqtree,15.2199,54128,-11987.350019,26,0.276596,False
sim_50_1000_rep3,50,1000,3,raxml-ng,55.8131,23680,-11987.350019,26,0.276596,False
sim_50_1000_rep3,50,1000,3,veryfasttree,0.7280,5216,-11988.254276,30,0.319149,False
sim_50_5000_rep1,50,5000,1,phylip-rs-ml,600.0061,,,,,True
sim_50_5000_rep1,50,5000,1,phylip-rs-nj,5.1890,3344,-81224.578792,20,0.212766,False
sim_50_5000_rep1,50,5000,1,iqtree,69.6403,53600,-81185.192173,8,0.085106,False
sim_50_5000_rep1,50,5000,1,raxml-ng,385.8498,37008,-81185.192173,8,0.085106,False
sim_50_5000_rep1,50,5000,1,veryfasttree,4.1086,11728,-81185.192173,8,0.085106,False
sim_50_5000_rep2,50,5000,2,phylip-rs-ml,600.0125,,,,,True
sim_50_5000_rep2,50,5000,2,phylip-rs-nj,6.9416,3296,-50540.849553,18,0.191489,False
sim_50_5000_rep2,50,5000,2,iqtree,52.3866,54272,-50523.624905,14,0.148936,False
sim_50_5000_rep2,50,5000,2,raxml-ng,250.9580,30880,-50523.624905,14,0.148936,False
sim_50_5000_rep2,50,5000,2,veryfasttree,3.7583,11616,-50532.594473,16,0.170213,False
sim_50_5000_rep3,50,5000,3,phylip-rs-ml,600.0141,,,,,True
sim_50_5000_rep3,50,5000,3,phylip-rs-nj,7.2572,3328,-61894.652591,22,0.234043,False
sim_50_5000_rep3,50,5000,3,iqtree,61.8479,54480,-61882.013088,16,0.170213,False
sim_50_5000_rep3,50,5000,3,raxml-ng,336.3183,35376,-61882.013088,16,0.170213,False
sim_50_5000_rep3,50,5000,3,veryfasttree,3.2281,12912,-61884.594960,20,0.212766,False
sim_100_1000_rep1,100,1000,1,phylip-rs-ml,600.0134,,,,,True
sim_100_1000_rep1,100,1000,1,phylip-rs-nj,5.5347,3408,-15997.771736,76,0.391753,False
sim_100_1000_rep1,100,1000,1,iqtree,59.1267,54160,-15987.447362,72,0.371134,False
sim_100_1000_rep1,100,1000,1,raxml-ng,239.7976,26880,-15987.444269,76,0.391753,False
sim_100_1000_rep1,100,1000,1,veryfasttree,1.4114,6592,-15989.393685,74,0.381443,False
sim_100_1000_rep2,100,1000,2,phylip-rs-ml,600.0212,,,,,True
sim_100_1000_rep2,100,1000,2,phylip-rs-nj,4.5285,3488,-24309.692323,62,0.319588,False
sim_100_1000_rep2,100,1000,2,iqtree,37.6806,54288,-24285.212385,54,0.278351,False
sim_100_1000_rep2,100,1000,2,raxml-ng,271.0631,26960,-24285.210439,56,0.288660,False
sim_100_1000_rep2,100,1000,2,veryfasttree,1.5983,6864,-24287.241579,55,0.283505,False
sim_100_1000_rep3,100,1000,3,phylip-rs-ml,600.0077,,,,,True
sim_100_1000_rep3,100,1000,3,phylip-rs-nj,5.3197,3328,-29367.336202,82,0.422680,False
sim_100_1000_rep3,100,1000,3,iqtree,53.8152,53792,-29299.551277,58,0.298969,False
sim_100_1000_rep3,100,1000,3,raxml-ng,343.8183,27600,-29298.880818,64,0.329897,False
sim_100_1000_rep3,100,1000,3,veryfasttree,1.8421,8208,-29310.449467,58,0.298969,False
sim_100_5000_rep1,100,5000,1,phylip-rs-ml,600.0079,,,,,True
sim_100_5000_rep1,100,5000,1,phylip-rs-nj,27.5706,4432,-106864.179095,64,0.329897,False
sim_100_5000_rep1,100,5000,1,iqtree,470.7133,94432,-106813.455928,44,0.226804,False
sim_100_5000_rep1,100,5000,1,raxml-ng,600.0063,,,,,True
sim_100_5000_rep1,100,5000,1,veryfasttree,7.3295,17936,-106815.393741,48,0.247423,False
sim_100_5000_rep2,100,5000,2,phylip-rs-ml,600.0057,,,,,True
sim_100_5000_rep2,100,5000,2,phylip-rs-nj,24.4753,4640,-109421.162682,44,0.226804,False
sim_100_5000_rep2,100,5000,2,iqtree,254.7745,93936,-109393.598611,34,0.175258,False
sim_100_5000_rep2,100,5000,2,raxml-ng,600.0082,,,,,True
sim_100_5000_rep2,100,5000,2,veryfasttree,7.8354,19344,-109394.948761,30,0.154639,False
sim_100_5000_rep3,100,5000,3,phylip-rs-ml,600.0057,,,,,True
sim_100_5000_rep3,100,5000,3,phylip-rs-nj,23.5570,4448,-128491.897366,38,0.195876,False
sim_100_5000_rep3,100,5000,3,iqtree,178.7826,95040,-128461.241447,28,0.144330,False
sim_100_5000_rep3,100,5000,3,raxml-ng,600.0122,,,,,True
sim_100_5000_rep3,100,5000,3,veryfasttree,14.3927,17440,,28,0.144330,False
sim_200_1000_rep1,200,1000,1,phylip-rs-ml,120.0071,,,,,True
sim_200_1000_rep1,200,1000,1,phylip-rs-nj,49.0121,5440,,190,0.482234,False
sim_200_1000_rep1,200,1000,1,iqtree,435.3884,53792,,156,0.395939,False
sim_200_1000_rep1,200,1000,1,raxml-ng,600.0075,,,,,True
sim_200_1000_rep1,200,1000,1,veryfasttree,8.3274,11456,-49802.046613,158,0.401015,False
sim_200_1000_rep2,200,1000,2,phylip-rs-ml,120.0097,,,,,True
sim_200_1000_rep2,200,1000,2,phylip-rs-nj,56.7604,5392,,186,0.472081,False
sim_200_1000_rep2,200,1000,2,iqtree,579.9157,54048,-56407.351067,156,0.395939,False
sim_200_1000_rep2,200,1000,2,raxml-ng,600.0064,,,,,True
sim_200_1000_rep2,200,1000,2,veryfasttree,4.2916,9216,-56443.470111,166,0.421320,False
sim_200_1000_rep3,200,1000,3,phylip-rs-ml,120.0073,,,,,True
sim_200_1000_rep3,200,1000,3,phylip-rs-nj,22.5188,4848,,122,0.309645,False
sim_200_1000_rep3,200,1000,3,iqtree,104.3213,54064,-39122.288328,120,0.304569,False
sim_200_1000_rep3,200,1000,3,raxml-ng,600.0112,,,,,True
sim_200_1000_rep3,200,1000,3,veryfasttree,3.9660,8816,-39132.724244,126,0.319797,False
sim_200_5000_rep1,200,5000,1,phylip-rs-ml,120.0068,,,,,True
sim_200_5000_rep1,200,5000,1,phylip-rs-nj,129.4175,7568,,106,0.269036,False
sim_200_5000_rep1,200,5000,1,iqtree,600.0060,,,,,True
sim_200_5000_rep1,200,5000,1,raxml-ng,600.0081,,,,,True
sim_200_5000_rep1,200,5000,1,veryfasttree,22.5589,30160,,90,0.228426,False
sim_200_5000_rep2,200,5000,2,phylip-rs-ml,120.0065,,,,,True
sim_200_5000_rep2,200,5000,2,phylip-rs-nj,153.4001,7392,,112,0.284264,False
sim_200_5000_rep2,200,5000,2,iqtree,600.0079,,,,,True
sim_200_5000_rep2,200,5000,2,raxml-ng,600.0062,,,,,True
sim_200_5000_rep2,200,5000,2,veryfasttree,33.8788,29312,,98,0.248731,False
sim_200_5000_rep3,200,5000,3,phylip-rs-ml,120.0076,,,,,True
sim_200_5000_rep3,200,5000,3,phylip-rs-nj,207.4432,6480,,128,0.324873,False
sim_200_5000_rep3,200,5000,3,iqtree,600.0079,,,,,True
sim_200_5000_rep3,200,5000,3,raxml-ng,600.0084,,,,,True
sim_200_5000_rep3,200,5000,3,veryfasttree,24.7030,29568,,94,0.238579,False
sim_500_1000_rep1,500,1000,1,phylip-rs-ml,120.0084,,,,,True
sim_500_1000_rep1,500,1000,1,phylip-rs-nj,179.8387,14352,,388,0.390342,False
sim_500_1000_rep1,500,1000,1,iqtree,600.0080,,,,,True
sim_500_1000_rep1,500,1000,1,raxml-ng,600.0123,,,,,True
sim_500_1000_rep1,500,1000,1,veryfasttree,14.3036,18064,,324,0.325956,False
sim_500_1000_rep2,500,1000,2,phylip-rs-ml,120.0058,,,,,True
sim_500_1000_rep2,500,1000,2,phylip-rs-nj,283.9037,13600,,476,0.478873,False
sim_500_1000_rep2,500,1000,2,iqtree,315.5590,104272,,444,0.446680,False
sim_500_1000_rep2,500,1000,2,raxml-ng,600.0074,,,,,True
sim_500_1000_rep2,500,1000,2,veryfasttree,13.6794,14240,,448,0.450704,False
sim_500_1000_rep3,500,1000,3,phylip-rs-ml,120.0064,,,,,True
sim_500_1000_rep3,500,1000,3,phylip-rs-nj,210.4891,14384,,500,0.503018,False
sim_500_1000_rep3,500,1000,3,iqtree,600.0068,,,,,True
sim_500_1000_rep3,500,1000,3,raxml-ng,600.0091,,,,,True
sim_500_1000_rep3,500,1000,3,veryfasttree,16.9525,15088,,447,0.449698,False
