Name,Status,Release Year,Programming Language(s),Categories,URL (Original),URL (Wayback Archive),Wayback Preserved,Author,Catalog Section
ADAPTSITE,archived,,,general-purpose,http://homes.bio.psu.edu/people/faculty/nei/software.htm,http://web.archive.org/web/20100614180921/http://homes.bio.psu.edu/people/faculty/nei/software.htm,Yes,,
ALIFRITZ,dormant,2005,C,alignment; likelihood,http://www.cibiv.at/software/alifritz/,,No,Roland Fleißner,Maximum likelihood and Bayesian programs
ALIGN,dormant,1990,C,alignment,http://www-biology.ucsd.edu/~msaier/transport/software.html,,No,Russell Doolittle,Maximum likelihood and Bayesian programs
aLRT,dormant,2006,,bootstrap; likelihood,http://atgc.lirmm.fr/phyml/alrt/,,No,"Maria Anisimova, Olivier Gascuel, and Jean-François Dufayard",Maximum likelihood and Bayesian programs
AMBIORE,dormant,2004,C,bayesian,http://www.phrap.org/othersoftware.html,,No,Dick Hwang and Phil Green,"Tree visualization, simulation, and other programs"
analysis,archived,2003,,distance,http://molpopgen.org/software/lseqsoftware.html,http://web.archive.org/web/20130701104618/http://molpopgen.org/software/lseqsoftware.html,Yes,Kevin Thornton,Distance matrix and computation programs
ANC-GENE,archived,1997,,bayesian; distance,https://homes.bio.psu.edu/people/faculty/nei/software.htm,http://web.archive.org/web/20100614180921/http://homes.bio.psu.edu/people/faculty/nei/software.htm,Yes,Jianzhi George Zhang,Maximum likelihood and Bayesian programs
Ancestor,archived,1997,C,distance,https://homes.bio.psu.edu/people/faculty/nei/software.htm,http://web.archive.org/web/20100614180921/http://homes.bio.psu.edu/people/faculty/nei/software.htm,Yes,Jianzhi George Zhang,Maximum likelihood and Bayesian programs
ANCML,dormant,1998,C,comparative-methods,http://www.zoology.ubc.ca/~schluter/software.html,,No,Dolph Schluter,"Tree visualization, simulation, and other programs"
APE,archived,2004,R,clock-dating; comparative-methods; distance; tree-comparison; tree-visualization,http://cran.r-project.org/web/packages/ape/index.html,,No,Emmanuel Paradis,"Tree visualization, simulation, and other programs"
apTreeshape,archived,,R,simulation; tree-comparison,http://cran.r-project.org/web/packages/apTreeshape/index.html,,No,"Nicolas Bortolussi, Eric Durand, Michael Blum, and Olivier François , then","Tree visualization, simulation, and other programs"
ARB,archived,2004,,distance; general-purpose; likelihood; parsimony; sequence-editing; tree-visualization; utility,http://www.arb-home.de/,http://web.archive.org/web/20251209033631/http://www.arb-home.de/,Yes,Wolfgang Ludwig and Oliver Strunk,"Tree visualization, simulation, and other programs"
ArboDraw,archived,,,alignment; tree-visualization,http://dunbrack.fccc.edu/ArboDraw,http://web.archive.org/web/20250713142414/http://dunbrack.fccc.edu/ArboDraw/,Yes,Adrian Canutescu and Roland Dunbrack,"Tree visualization, simulation, and other programs"
Archaeopteryx,dormant,,Java,tree-visualization,http://www.phylosoft.org/archaeopteryx/,,No,"Christian Zmasek , currently","Tree visualization, simulation, and other programs"
Arlequin,dormant,2000,,distance; population-genetics,http://cmpg.unibe.ch/software/arlequin3/,,No,Laurent Excoffier,Distance matrix and computation programs
AutoDecay,archived,1994,Perl,bootstrap,http://www.bergianska.se/index_forskning_soft.html,http://web.archive.org/web/20110806140113/http://www.bergianska.se/index_forskning_soft.html,Yes,Torsten Eriksson,Parsimony programs
AxParafit,archived,2007,C,biogeography; host-parasite,http://icwww.epfl.ch/~stamatak/AxParafit.html,http://web.archive.org/web/20101227141628/http://icwww.epfl.ch:80/~stamatak/AxParafit.html,Yes,"Alexandros Stamatakis, A. Auch, J. Meier-Kolthoff, and M. Göker ",Maximum likelihood and Bayesian programs
BAli-Phy,archived,2005,,alignment; bayesian,http://www.biomath.ucla.edu/~msuchard/bali-phy/,http://web.archive.org/web/20080703175746/http://www.biomath.ucla.edu/%7Emsuchard/bali-phy/,Yes,"Ben Redelings, currently",Maximum likelihood and Bayesian programs
BAMBE,dormant,1996,,bayesian; bootstrap,http://www.stat.wisc.edu/~larget/,,No,Bret Larget,Maximum likelihood and Bayesian programs
BayesPhylogenies,archived,2004,,bayesian; bootstrap,http://www.evolution.rdg.ac.uk/BayesPhy.html,http://web.archive.org/web/20211028193814/http://www.evolution.rdg.ac.uk/BayesPhy.html,Yes,Mark Pagel and Andrew Meade,Maximum likelihood and Bayesian programs
BayesTraits,archived,2004,,comparative-methods; model-selection,http://www.evolution.rdg.ac.uk/BayesTraits.html,http://web.archive.org/web/20211201095135/http://www.evolution.rdg.ac.uk/BayesTraits.html,Yes,Mark Pagel and Andrew Meade,"Tree visualization, simulation, and other programs"
BEAST,dormant,2007,Java,bayesian; bootstrap; clock-dating,http://beast.bio.ed.ac.uk/Main_Page,,No,Alexei Drummond,Maximum likelihood and Bayesian programs
BEST,archived,2007,C,bayesian,http://www.stat.osu.edu/~dkp/BEST/,http://web.archive.org/web/20171226092603/http://www.stat.osu.edu:80/~dkp/BEST/,Yes,Liang Liu,Maximum likelihood and Bayesian programs
Bio++,dormant,2006,,bayesian; bootstrap; distance; general-purpose; likelihood; tree-visualization,http://kimura.univ-montp2.fr/BioPP/,,No,"Julien Y. Dutheil, Bastien Boussau, and co-workers",Parsimony programs
Bio::Phylo,dormant,2011,Perl,simulation; tree-comparison; tree-visualization,http://search.cpan.org/dist/Bio-Phylo/,,No,Rutger Vos,Parsimony programs
BioEdit,archived,1997,,sequence-editing; utility,http://www.mbio.ncsu.edu/BioEdit/bioedit.html,http://web.archive.org/web/20191227180653/http://www.mbio.ncsu.edu:80/bioedit/bioedit.html,Yes,"Tom Hall, then","Tree visualization, simulation, and other programs"
Bioinformatics_Toolbox,dead,,Matlab,distance; tree-visualization; utility,http://www.mathworks.com/products/bioinfo/,,No,MathWorks,"Tree visualization, simulation, and other programs"
BIONJ,dormant,1997,C,distance,http://www.atgc-montpellier.fr/bionj/binaries.php,,No,Olivier Gascuel,Distance matrix and computation programs
Bionumerics,archived,,,bootstrap; distance; general-purpose; likelihood; parsimony; tree-visualization; utility,http://www.applied-maths.com/bn/bn.htm,http://web.archive.org/web/20120819064737/http://www.applied-maths.com:80/bn/bn.htm,Yes,Applied Maths NV,Parsimony programs
BIRCH,dormant,1999,C; Java; Python,alignment; bootstrap; clock-dating; comparative-methods; compatibility; consensus; distance; general-purpose; likelihood; parsimony; tree-visualization; utility,http://home.cc.umanitoba.ca/~psgendb/,,No,Brian Fristensky,"Tree visualization, simulation, and other programs"
bms_runner,archived,2007,Perl,bayesian; comparative-methods; gene-duplication; genomics,http://eggg.st-andrews.ac.uk/bms_runner,http://web.archive.org/web/20230402091716/https://eggg.st-andrews.ac.uk/bms_runner/,Yes,"Daniel Barker and Mark Pagel, respectively","Tree visualization, simulation, and other programs"
Bn-Bs,archived,1998,C,distance,https://homes.bio.psu.edu/people/faculty/nei/software.htm,http://web.archive.org/web/20100614180921/http://homes.bio.psu.edu/people/faculty/nei/software.htm,Yes,"Jianzhi George Zhang, now",Distance matrix and computation programs
BootPHYML,archived,,Perl,bootstrap; likelihood,http://www.abc.se/~nylander/bootphyml/bootphyml.html,http://web.archive.org/web/20071209145922/http://www.abc.se:80/~nylander/bootphyml/bootphyml.html,Yes,Johan Nylander,Maximum likelihood and Bayesian programs
Bosque,archived,,,alignment; distance; general-purpose; likelihood; parsimony; quartets; utility,http://bosque.udec.cl,http://web.archive.org/web/20240420220345/https://bosque.udec.cl/,Yes,Salvador Ramirez,"Tree visualization, simulation, and other programs"
BPAnalysis,archived,1998,,gene-duplication; genomics; parsimony,http://www.mcb.mcgill.ca/~blanchem/software.html,http://web.archive.org/web/20080314030417/http://www.mcb.mcgill.ca:80/~blanchem/software.html,Yes,Mathieu Blanchette,Maximum likelihood and Bayesian programs
BRANCHLENGTH,archived,2000,C,clock-dating; tree-comparison,http://www.santafe.edu/~btk/science-paper/bette.html,http://web.archive.org/web/20081221223635/http://www.santafe.edu:80/~btk/science-paper/bette.html,Yes,Bette Korber,"Tree visualization, simulation, and other programs"
Brownie,archived,2006,Matlab,clock-dating,http://www.brianomeara.info/brownie/,http://web.archive.org/web/20150812053428/http://brianomeara.info/brownie,Yes,Brian O'Meara,"Tree visualization, simulation, and other programs"
burntrees,dormant,,Perl,bayesian; bootstrap,http://www.abc.se/~nylander,,No,Johan Nylander,Maximum likelihood and Bayesian programs
Cactus-Pie,archived,,Python,clock-dating; comparative-methods,http://www.pricklysoft.org/software/cactus-pie.html,http://web.archive.org/web/20180304010404/http://www.pricklysoft.org:80/software/cactus-pie.html,Yes,Dylan Schwilk,"Tree visualization, simulation, and other programs"
Cadence,dormant,2004,,bayesian; clock-dating,http://www.zo.utexas.edu/faculty/antisense/DownloadComputerPrograms.html,,No,"Thomas Wilcox, formerly",Maximum likelihood and Bayesian programs
CAFCA,dead,,,parsimony,http://www.mzandee.net/~zandee/cafca/,,No,Rino Zandee,Parsimony programs
CAIC,dormant,1995,R,comparative-methods,http://www.bio.ic.ac.uk/evolve/software/caic/index.html,,No,Andrew Purvis,"Tree visualization, simulation, and other programs"
CBCAnalyzer,dormant,2005,,distance,http://cbcanalyzer.bioapps.biozentrum.uni-wuerzburg.de/,,No,"Matthias Wolf, Joachim Friedrich, Thomas Dandekar, and Tobias Müller","Tree visualization, simulation, and other programs"
cBrother,archived,,C; Java,recombination,http://rumi.gdcb.iastate.edu/software/index.xml,http://web.archive.org/web/20080725163854/http://rumi.gdcb.iastate.edu/software/index.xml,Yes,Karin Dorman,Maximum likelihood and Bayesian programs
Clann,archived,2005,,consensus,http://bioinf.may.ie/software/clann/,http://web.archive.org/web/20100305061124/http://bioinf.may.ie:80/software/clann/,Yes,"Chris Creevey , then","Tree visualization, simulation, and other programs"
Clearcut,archived,,,general-purpose,http://bioinformatics.hungry.com/clearcut/,http://web.archive.org/web/20200503143849/http://bioinformatics.hungry.com:80/clearcut/,Yes,carries out Relaxed Neighbor Joining,
ClustalW,archived,1994,,alignment,http://www.clustal.org,http://web.archive.org/web/20260117011839/https://www.clustal.org/,Yes,A widely-used multisequence alignment program that estimates trees as it aligns multiple sequences is ClustalW . Currently it is in version 2.0.12. It is the latest incarnation,Maximum likelihood and Bayesian programs
CodeAxe,dormant,2007,,likelihood,http://www.phrap.org/othersoftware.html,,No,"Chris Saunders , then","Tree visualization, simulation, and other programs"
CodonBootstrap,dormant,,C,bootstrap,http://www.simmap.com/bollback/software.html,,No,John Huelsenbeck,Parsimony programs
CodonRates,archived,2004,,clock-dating,http://www.iu.a.u-tokyo.ac.jp/~seo/software.htm,http://web.archive.org/web/20200125200126/http://www.iu.a.u-tokyo.ac.jp:80/~seo/software.htm,Yes,Tae-Kun Seo,"Tree visualization, simulation, and other programs"
CoMET,dormant,2006,Java,likelihood,http://www.lifesci.ucsb.edu/eemb/labs/oakley/software/comet.htm,,No,Chunghau Lee and Todd Oakley,"Tree visualization, simulation, and other programs"
COMPARE,dead,,Java,comparative-methods; simulation,http://compare.bio.indiana.edu/,http://web.archive.org/web/20200125150031/http://compare.bio.indiana.edu:80/,Yes,Emília Martins,"Tree visualization, simulation, and other programs"
COMPONENT,archived,1993,Pascal,biogeography; consensus; host-parasite; simulation,http://taxonomy.zoology.gla.ac.uk/rod/cpw.html,http://web.archive.org/web/20180624222237/http://taxonomy.zoology.gla.ac.uk:80/rod/cpw.html,Yes,Rod Page,Maximum likelihood and Bayesian programs
COMPROB,unknown,,Pascal,compatibility,,,No,Christopher Meacham ,"Tree visualization, simulation, and other programs"
Concaterpillar,dormant,2008,Python,likelihood; model-selection; recombination,http://rogerlab.biochemistryandmolecularbiology.dal.ca/Software/Software.htm#Concaterpillar,,No,"Jessica Leigh, Ed Susko, Manuela Bumgartner, and Andrew Roger",Maximum likelihood and Bayesian programs
CONSEL,archived,2001,C,bootstrap; likelihood,http://www.is.titech.ac.jp/~shimo/prog/consel/,http://web.archive.org/web/20180913220500/http://www.is.titech.ac.jp:80/~shimo/prog/consel/,Yes,Hidetoshi Shimodaira,Maximum likelihood and Bayesian programs
CONSERVE,dormant,,,comparative-methods,http://www.agapow.net/software/conserve,,No,The late,"Tree visualization, simulation, and other programs"
CoRe-PA,archived,2010,Java,biogeography; host-parasite,http://pacosy.informatik.uni-leipzig.de/58-1-Downloads.html,http://web.archive.org/web/20221112013711/http://pacosy.informatik.uni-leipzig.de/58-1-Downloads.html,Yes,"Daniel Merkle, Martin Middendorf, and Nicolas Wieseke",Maximum likelihood and Bayesian programs
CRANN,archived,2002,,parsimony,http://bioinf.may.ie/crann/,http://web.archive.org/web/20110502155817/http://bioinf.may.ie:80/crann/,Yes,Chris Creevey and James McInerney,Parsimony programs
Crux,archived,,Python,bayesian; consensus; distance; general-purpose; likelihood; simulation; tree-visualization,http://www.canonware.com/Crux/,http://web.archive.org/web/20170616113423/http://www.canonware.com:80/Crux/,Yes,Jason Evans,Parsimony programs
CTree,dead,2007,Java,bootstrap; tree-comparison; tree-visualization,http://www.manchester.ac.uk/bioinformatics/ctree,,No,John Archer and David Robertson,Distance matrix and computation programs
DAMBE,dormant,2000,,alignment; bootstrap; distance; general-purpose; likelihood; parsimony; tree-visualization; utility,http://dambe.bio.uottawa.ca/dambe.asp,,No,Xuhua Xia,Parsimony programs
DART,archived,,C,alignment; gene-duplication; genomics; likelihood; model-selection,http://biowiki.org/DART,http://web.archive.org/web/20160422015834/http://biowiki.org/DART,Yes,Ian Holmes,"Tree visualization, simulation, and other programs"
Darwin,archived,2000,,distance; likelihood; quartets,http://cbrg.inf.ethz.ch/darwin,http://web.archive.org/web/20050726073556/http://cbrg.inf.ethz.ch:80/Darwin/,Yes,Gaston Gonnet and Chantal Korostensky,Distance matrix and computation programs
DAWG,archived,2005,C,simulation,http://scit.us/projects/dawg/wiki,http://web.archive.org/web/20160408001152/http://scit.us/projects/dawg/wiki,Yes,Reed Cartwright,"Tree visualization, simulation, and other programs"
DendroMaker,archived,,,tree-visualization,http://www.cib.nig.ac.jp/dda/timanish/dendromaker/home.html,http://web.archive.org/web/20120810103811/http://www.cib.nig.ac.jp:80/dda/timanish/dendromaker/home.html,Yes,Tadashi Imanishi,"Tree visualization, simulation, and other programs"
DENDRON,archived,,,distance,http://www.solltechnologies.com/products.html,http://web.archive.org/web/20090110030415/http://www.solltechnologies.com:80/products.html,Yes,"Soll Technologies, Inc.",Distance matrix and computation programs
DendroPy,archived,2010,Python,general-purpose,http://packages.python.org/DendroPy/,http://web.archive.org/web/20121224015426/http://packages.python.org:80/DendroPy/,Yes,Jeet Sukumaran and Mark Holder,Parsimony programs
Dendroscope,dormant,2007,Java,tree-visualization,http://www-ab.informatik.uni-tuebingen.de/software/dendroscope,,No,"Daniel Huson, with contributions from Tobias Dezulian, Markus Franz, Christian Rausch, Daniel Richter and Regula Rupp","Tree visualization, simulation, and other programs"
DERANGE2,unknown,,C,distance; gene-duplication; genomics,,,No,Mathieu Blanchette,Distance matrix and computation programs
DigTree,archived,2006,,tree-visualization,http://digbio.missouri.edu/~digtree/,http://web.archive.org/web/20100626122636/http://digbio.missouri.edu/~digtree/,Yes,"Robin Kramer , then","Tree visualization, simulation, and other programs"
DIPLOMO,dead,1995,,distance,http://www.rsbs.anu.edu.au/Products&Services/BiotechnologyTransferUnit/diplomo.php,,No,Georg Weiller ,"Tree visualization, simulation, and other programs"
DISPAN,archived,,,bootstrap; distance,http://iubio.bio.indiana.edu/soft/molbio/ibmpc/,http://web.archive.org/web/20180927223425/http://iubio.bio.indiana.edu:80/soft/molbio/ibmpc/,Yes,"Tatsuya Ota , most recently at the Hayama Information Network Center at the Graduate University",Distance matrix and computation programs
DISTANCE,archived,1997,C,distance,http://www.t10.lanl.gov/evolution/,http://web.archive.org/web/20090114065303/http://www.t10.lanl.gov/evolution/,Yes,William J. Bruno and Lars Arvestad,Distance matrix and computation programs
DISTREE,dead,,C,distance,http://mirror.pscigrid.gov.ph/ebi-software/software/dos/distree/,,No,"Johannes Schaefer and Michael Schoeniger , then",Distance matrix and computation programs
DIVA,dead,,,biogeography,http://diva.sourceforge.net/,,No,Fredrik Ronquist,Maximum likelihood and Bayesian programs
DIVAGE,archived,1998,,distance; population-genetics,http://web.unife.it/progetti/genetica/Giorgio/giorgio_soft.html#DIVAGE,http://web.archive.org/web/20100330153155/http://web.unife.it:80/progetti/genetica/Giorgio/giorgio_soft.html,Yes,Giorgio Bertorelle,Distance matrix and computation programs
DIVERGE,archived,1999,,comparative-methods,http://xungulab.com/software.html,http://web.archive.org/web/20220121064348/http://xungulab.com/software.html,Yes,Xun Gu,"Tree visualization, simulation, and other programs"
DNA Stacks,dormant,,,bootstrap; utility,http://biology.fullerton.edu/deernisse/dnastacks.html,,No,Doug Eernisse,Parsimony programs
dnarates,archived,,C,likelihood,http://iubio.bio.indiana.edu/soft/molbio/evolve/,http://web.archive.org/web/20180911020948/http://iubio.bio.indiana.edu:80/soft/molbio/evolve/,Yes,Gary Olsen,Maximum likelihood and Bayesian programs
DNASIS,archived,,,alignment; distance,http://www.miraibio.com/dnasis-max/dnasis-max-overview.html,http://web.archive.org/web/20240520232951/https://www.miraibio.com/dnasis-max/dnasis-max-overview.html,Yes,"MiraiBio , a Hitachi Software company DNASIS , a general-purpose DNA and protein sequence analysis system, produced by Molecular Biology Insights, Inc.",Maximum likelihood and Bayesian programs
DnaSP,dormant,1999,,distance; population-genetics,http://www.ub.es/dnasp,,No,"Julio Rozas , J. C. Sánchez-DelBarrio, X. Messeguer and Ricardo Rosas",Distance matrix and computation programs
Dnatree,dormant,,C,teaching,http://evolution.gs.washington.edu/dnatree/dnatree.html,,No,,"Tree visualization, simulation, and other programs"
DPRML,unknown,2005,Java,likelihood; utility,,,No,Thomas Keane,Maximum likelihood and Bayesian programs
DT-ModSel,archived,2003,Perl,likelihood; model-selection,http://www.webpages.uidaho.edu/~jacks/DTModSel.html,http://web.archive.org/web/20250426034541/https://www.webpages.uidaho.edu/~jacks/DTModSel.html,Yes,"Vladimir Minin, Zaid Abdo, Paul Joyce, and Jack Sullivan",Maximum likelihood and Bayesian programs
DTdraw,archived,,C,gene-duplication; genomics; tree-visualization,http://www.lirmm.fr/~elemento/DTdraw/,http://web.archive.org/web/20120515134337/http://www.lirmm.fr/~elemento/DTdraw/,Yes,"Olivier Elemento , then","Tree visualization, simulation, and other programs"
DTscore,archived,2002,C,gene-duplication; genomics,http://www.lirmm.fr/%7Eelemento/DTscore/,http://web.archive.org/web/20120115015237/http://www.lirmm.fr:80/~elemento/DTscore/,Yes,"Olivier Elemento, then",Maximum likelihood and Bayesian programs
DualBrothers,archived,2002,Java,recombination,http://www.biomath.ucla.edu/msuchard/DualBrothers/,http://web.archive.org/web/20080703175522/http://www.biomath.ucla.edu/msuchard/DualBrothers/,Yes,Marc Suchard and Vladimir Minin,Maximum likelihood and Bayesian programs
EDIBLE,dormant,1998,C,bootstrap; comparative-methods; likelihood; simulation; tree-visualization,http://www.ebi.ac.uk/goldman/info/edible.html,,No,Nick Goldman,Maximum likelihood and Bayesian programs
EEEP,archived,2006,,consensus; recombination,http://bioinformatics.org.au/eeep,http://web.archive.org/web/20100113141347/http://bioinformatics.org.au:80/eeep/,Yes,Robert Beiko and Nicholas Hamilton,Maximum likelihood and Bayesian programs
ELW,dormant,2002,Perl,bootstrap,http://rogerlab.biochemistryandmolecularbiology.dal.ca/Software/Software.htm#elw,,No,Andrew Roger ,Maximum likelihood and Bayesian programs
EMBOSS,archived,2000,C,alignment; bootstrap; comparative-methods; compatibility; consensus; distance; general-purpose; likelihood; parsimony; tree-visualization; utility,http://emboss.sourceforge.net/what/,http://web.archive.org/web/20250114133409/https://emboss.sourceforge.net/what/,Yes,"Peter Rice, Alan Bleasby, and Jon Ison",Distance matrix and computation programs
EREM,archived,,,likelihood; simulation,http://carmelab.huji.ac.il/software/EREM/erem.html,http://web.archive.org/web/20251218095346/https://carmelab.huji.ac.il/software/EREM/erem.html,Yes,"Liran Carmel, Yuri I. Wolf, Igor B. Rogozin, and Eugene V. Koonin",Maximum likelihood and Bayesian programs
ETE,archived,2010,C; Python,gene-duplication; general-purpose; genomics; tree-visualization,http://ete.cgenomics.org,http://web.archive.org/web/20140525220921/http://ete.cgenomics.org:80/?,Yes,"Jaime Huerta-Cepas, Joaquin Dopazo and Toni Gabaldón",Parsimony programs
EvolSimulator,archived,2007,,gene-duplication; genomics; recombination; simulation,http://bioinformatics.org.au/evolsim,http://web.archive.org/web/20091025184219/http://bioinformatics.org.au/evolsim/,Yes,Robert Beiko and Robert Charlebois,"Tree visualization, simulation, and other programs"
EvolveAGene3,dead,,Perl,simulation,http://web.me.com/barryghall/Software/Software.html,,No,Barry Hall,"Tree visualization, simulation, and other programs"
FAMD,dormant,2006,,bootstrap; consensus; distance,http://www.famd.me.uk/famd.html,,No,Philipp Schlüter,Distance matrix and computation programs
fastDNAml,dormant,1993,C,likelihood,http://packages.debian.org/unstable/science/fastdnaml,,No,Gary Olsen ,Maximum likelihood and Bayesian programs
fastDNAmlRev,archived,2000,C,likelihood,http://www.santafe.edu/~btk/science-paper/bette.html,http://web.archive.org/web/20081221223635/http://www.santafe.edu:80/~btk/science-paper/bette.html,Yes,Bette Korber,Maximum likelihood and Bayesian programs
FastME,dormant,2002,C,distance,http://www.atgc-montpellier.fr/fastme/binaries.php,,No,"Richard Desper, most recently",Distance matrix and computation programs
FASTML,unknown,,,comparative-methods; distance; likelihood,,,No,,Maximum likelihood and Bayesian programs
FastTree,dormant,2009,C,bootstrap; likelihood,http://www.microbesonline.org/fasttree/,,No,Morgan Price,Maximum likelihood and Bayesian programs
FigTree,dormant,2006,Java,tree-visualization,http://tree.bio.ed.ac.uk/software/figtree/,,No,Andrew Rambaut,"Tree visualization, simulation, and other programs"
FootPrinter,archived,2002,C,alignment; parsimony,http://bio.cs.washington.edu/software/motif_discovery#Motif%20Discovery,http://web.archive.org/web/20221129150000/http://bio.cs.washington.edu/software/motif_discovery,Yes,Mathieu Blanchette,Parsimony programs
Forest,archived,2005,,tree-visualization,http://darwin.zoology.gla.ac.uk/~rpage/forest/,http://web.archive.org/web/20180718062028/http://darwin.zoology.gla.ac.uk:80/~rpage/forest/,Yes,Gabriel Valente and Rod Page,"Tree visualization, simulation, and other programs"
FORESTER,dormant,2001,Java,gene-duplication; genomics; tree-visualization,http://www.phylosoft.org/forester/,,No,"Christian Zmasek , currently","Tree visualization, simulation, and other programs"
Freqpars,archived,1987,Fortran,parsimony,http://paup.csit.fsu.edu/nlinks.html,http://web.archive.org/web/20160312104048/http://paup.csit.fsu.edu/nlinks.html,Yes,David Swofford ,Parsimony programs
FSTAT,dormant,1995,,distance; population-genetics,http://www2.unil.ch/popgen/softwares/fstat.htm,,No,Jérôme Goudet,Distance matrix and computation programs
Gambit,archived,2003,,bootstrap; distance; parsimony; quartets,http://genomics.ucla.edu/gambit/,http://web.archive.org/web/20090315040700/http://genomics.ucla.edu:80/gambit/,Yes,James Lake,Maximum likelihood and Bayesian programs
GAME,dormant,2002,C,distance,http://www.lirmm.fr/~guindon/gamma.html,,No,Stephane Guindon and Olivier Gascuel,Distance matrix and computation programs
GAPars,unknown,,C,general-purpose; parsimony,,,No,Dick Hwang,Parsimony programs
GARLI,dormant,2003,,general-purpose; likelihood,http://code.google.com/p/garli/,,No,Derrick Zwickl,"Tree visualization, simulation, and other programs"
GCUA,dead,1998,,distance,http://bioinf.nuim.ie/downloads.html,,No,James McInerney,Distance matrix and computation programs
GDA,archived,1996,,distance; population-genetics,http://hydrodictyon.eeb.uconn.edu/people/plewis/software.php,http://web.archive.org/web/20150910185941/http://hydrodictyon.eeb.uconn.edu:80/people/plewis/software.php,Yes,Paul Lewis,Distance matrix and computation programs
GDE,dormant,1994,,utility,http://macgde.bio.cmich.edu,,No,"Steve Smith , formerly","Tree visualization, simulation, and other programs"
GelCompar II,unknown,,,distance; parsimony,,,No,,Distance matrix and computation programs
GeneDoc,archived,,,alignment; sequence-editing,http://www.nrbsc.org/gfx/genedoc/gddl.htm,http://web.archive.org/web/20221006210217/http://nrbsc.org/gfx/genedoc/gddl.htm,Yes,Karl Nicholas,Maximum likelihood and Bayesian programs
Geneious,dormant,,Java,alignment; bootstrap; distance; tree-visualization; utility,http://www.biomatters.com,,No,"Biomatters, Ltd. in Auckald, New Zeal","Tree visualization, simulation, and other programs"
Genepop,dormant,1995,,distance; population-genetics,http://kimura.univ-montp2.fr/~rousset/Genepop.htm,,No,Michel Raymond and François Rousset,Distance matrix and computation programs
GeneStudio Pro,unknown,,,sequence-editing; utility,,,No,"GeneStudio, Inc.","Tree visualization, simulation, and other programs"
Genetix,dormant,,,distance; population-genetics,http://www.univ-montp2.fr/~genetix/genetix/genetix.htm,,No,François Bonhomme,Distance matrix and computation programs
GeneTree,archived,1997,,parsimony,http://taxonomy.zoology.gla.ac.uk/rod/genetree/genetree.html,http://web.archive.org/web/20180527200648/http://taxonomy.zoology.gla.ac.uk:80/rod/genetree/genetree.html,Yes,Rod Page,Parsimony programs
GenGIS,dormant,2009,Python,biogeography; tree-visualization,http://kiwi.cs.dal.ca/GenGIS/Main_Page,,No,Donovan Parks and Robert Beiko,"Tree visualization, simulation, and other programs"
Genie,archived,2000,C,tree-comparison,http://evolve.zoo.ox.ac.uk/evolve/Genie.html,http://web.archive.org/web/20200919190635/http://evolve.zoo.ox.ac.uk/Evolve/Genie.html,Yes,Oliver Pybus ,"Tree visualization, simulation, and other programs"
GenoDive,dormant,2004,,distance; population-genetics,http://www.bentleydrummer.nl/software,,No,Patrick Meirmans,Distance matrix and computation programs
GEODIS,archived,2000,Java,biogeography,http://darwin.uvigo.es/software/geodis.html,http://web.archive.org/web/20190312052005/http://darwin.uvigo.es:80/software/geodis.html,Yes,David Posada,Parsimony programs
GEOMETRY,unknown,1988,,quartets,,,No,"Igor Kuznetsov and Pavel Morozov , then",Maximum likelihood and Bayesian programs
GeoPhyloBuilder,unknown,,,tree-visualization,,,No,,"Tree visualization, simulation, and other programs"
GHOSTS,archived,1999,,bootstrap; clock-dating,http://www.bath.ac.uk/bio-sci/biodiversity-lab/?page_id=281,http://web.archive.org/web/20170125014722/http://www.bath.ac.uk/bio-sci/biodiversity-lab/?page_id=281,Yes,Matthew Wills,"Tree visualization, simulation, and other programs"
gmaes,archived,,C,distance; parsimony,http://iubio.bio.indiana.edu/soft/molbio/evolve/,http://web.archive.org/web/20180911020948/http://iubio.bio.indiana.edu:80/soft/molbio/evolve/,Yes,"Naoko Takezaki , now",Parsimony programs
GRate,dormant,,,clock-dating,http://bioinfweb.info/Software/GRate,,No,Kai Müller,"Tree visualization, simulation, and other programs"
gtp,archived,2001,C,gene-duplication; genomics,http://loco.biosci.arizona.edu/gtp/gtp.html,http://web.archive.org/web/20150731133306/http://loco.biosci.arizona.edu:80/gtp/gtp.html,Yes,Michael Sanderson,Maximum likelihood and Bayesian programs
GZ-Gamma,archived,1997,C,likelihood,https://homes.bio.psu.edu/people/faculty/nei/software.htm,http://web.archive.org/web/20100614180921/http://homes.bio.psu.edu/people/faculty/nei/software.htm,Yes,"Jianzhi George Zhang, now",Maximum likelihood and Bayesian programs
Hennig86,unknown,1986,,parsimony,,,No,,Parsimony programs
HeuristicMRF2,dormant,2003,,consensus,http://genome.cs.iastate.edu/CBL/download/,,No,"Duhong Chen, then","Tree visualization, simulation, and other programs"
HGT,dormant,2007,C,recombination,http://www.cibiv.at/software/hgt/,,No,"Simone Linz, Achim Radtke, and Arndt von Haeseler",Maximum likelihood and Bayesian programs
HON-new,archived,1990,C,distance,http://homes.bio.psu.edu/people/faculty/nei/software.htm,http://web.archive.org/web/20100614180921/http://homes.bio.psu.edu/people/faculty/nei/software.htm,Yes,"Jianzhi George Zhang, now",Distance matrix and computation programs
HY-PHY,dormant,2005,,clock-dating; distance; likelihood,http://www.hyphy.org/,,No,Sergei Kosakovsky Pond and Simon Frost,Maximum likelihood and Bayesian programs
HyperTree,archived,2000,Java,tree-visualization,http://kinase.com/tools/HyperTree.html,http://web.archive.org/web/20250123013524/http://www.kinase.com/tools/HyperTree.html,Yes,"Jonathan Bingham, then","Tree visualization, simulation, and other programs"
IDC,archived,,C,comparative-methods,http://anolis.oeb.harvard.edu/~liam/programs/,http://web.archive.org/web/20120103201739/http://anolis.oeb.harvard.edu:80/~liam/programs/,Yes,"Liam Revell , then","Tree visualization, simulation, and other programs"
IDEA,archived,,Java; Perl,distance; parsimony,http://ideanalyses.sourceforge.net/main.html,http://web.archive.org/web/20230613225046/https://ideanalyses.sourceforge.net/main.html,Yes,Amy Egan and Joana Silva,Maximum likelihood and Bayesian programs
iGTP,dormant,2010,,consensus; gene-duplication; genomics,http://genome.cs.iastate.edu/CBL/iGTP/,,No,"Ruchi Chaudhary, Mukul S. Bansal, André Wehe, David Fernández-Baca, and Oliver Eulenstein",Maximum likelihood and Bayesian programs
IMa2,unknown,,,bayesian; population-genetics; recombination,,,No,,Maximum likelihood and Bayesian programs
indel-Seq-Gen,dormant,2007,C; Perl,simulation,http://bioinfolab.unl.edu/~cstrope/iSG,,No,"Cory Strope, S. D. Scott and Etsuko Moriyama then","Tree visualization, simulation, and other programs"
IQPNNI,dormant,2004,C,likelihood; quartets,http://www.cibiv.at/software/iqpnni/,,No,"Le Sy Vinh, now",Maximum likelihood and Bayesian programs
Jane,dormant,2010,Java,biogeography; host-parasite,http://www.cs.hmc.edu/~hadas/jane/,,No,Ran Libeskind-Hadas,Maximum likelihood and Bayesian programs
Jevtrace,archived,2002,Java,comparative-methods,http://genomebiology.com/2002/3/12/research/0077,http://web.archive.org/web/20151019032410/http://www.genomebiology.com/2002/3/12/research/0077,Yes,Marcin Joachimiak,"Tree visualization, simulation, and other programs"
jMODELTEST,archived,2008,Java,model-selection,http://darwin.uvigo.es/software/jmodeltest.html,http://web.archive.org/web/20120914063915/http://darwin.uvigo.es:80/software/jmodeltest.html,Yes,David Posada,Maximum likelihood and Bayesian programs
Kakusan4,dormant,,Perl,likelihood; model-selection,http://www.fifthdimension.jp/products/kakusan/,,No,Akifumi S. Tanabe,Maximum likelihood and Bayesian programs
Lagrange,dormant,2005,Python,biogeography,http://code.google.com/p/lagrange/,,No,Richard H. Ree and Stephen A. Smith,Maximum likelihood and Bayesian programs
laser,archived,2006,R,tree-comparison,http://cran.r-project.org/web/packages/laser/index.html,,No,Dan Rabosky,Maximum likelihood and Bayesian programs
LDDist,archived,2004,Perl,distance,http://artedi.ebc.uu.se/molev/software/LDDist.html,http://web.archive.org/web/20150302090834/http://artedi.ebc.uu.se:80/molev/software/LDDist.html,Yes,Mikael Thollesson,Distance matrix and computation programs
Leaphy,archived,2007,,likelihood,http://www.bioinf.manchester.ac.uk/leaphy/Leaphy.htm,http://web.archive.org/web/20161013002946/http://www.bioinf.manchester.ac.uk/leaphy/Leaphy.htm,Yes,Simon Whelan,Maximum likelihood and Bayesian programs
LEVEL2,archived,2007,Java,quartets,http://sourceforge.net/projects/level2/,http://web.archive.org/web/20231024213636/https://sourceforge.net/projects/level2/,Yes,"Steven Kelk, Leo van Iersel, Judith Keijsper, and Leen Stougie",Maximum likelihood and Bayesian programs
Likewind,dormant,2002,Perl,recombination,http://rogerlab.biochemistryandmolecularbiology.dal.ca/Software/Software.htm#likewind,,No,John Archibald and Andrew Roger ,"Tree visualization, simulation, and other programs"
Lintre,dormant,1995,C,bootstrap; distance,http://www.kms.ac.jp/~genomelb/takezaki.eng.html#software,,No,Naoko Takezaki,Maximum likelihood and Bayesian programs
LOBSTER,unknown,,,alignment,,,No,,
LVB,archived,,C,bootstrap; parsimony,http://eggg.st-andrews.ac.uk/lvb,http://web.archive.org/web/20230402084635/https://eggg.st-andrews.ac.uk/lvb/,Yes,Daniel Barker,Parsimony programs
Mac5,dormant,,C,likelihood,http://www.agapow.net/software/mac5,,No,"Paul Michael Agapow , then",Maximum likelihood and Bayesian programs
MacClade,dormant,1986,,comparative-methods; simulation; tree-visualization,http://www.macclade.org,,No,"MacClade is a pioneering program for interactive analysis of evolution of a variety of character types, including discrete characters and molecular sequences. It works on Macintoshes with Mac OS X, up to and including now Leopard, Mac OS X version 10.6",Parsimony programs
MacroCAIC,dormant,2002,,comparative-methods; tree-comparison,http://www.bio.ic.ac.uk/evolve/software/macrocaic/index.html,,No,Paul-Michael Agapow,"Tree visualization, simulation, and other programs"
MacT,archived,1992,,distance,http://iubio.bio.indiana.edu/soft/molbio/mac/,http://web.archive.org/web/20180911023019/http://iubio.bio.indiana.edu:80/soft/molbio/mac/,Yes,Angela Lüttke and Rainer Fuchs,Maximum likelihood and Bayesian programs
MacVector,archived,,,distance,http://www.macvector.com,http://web.archive.org/web/20260109073210/https://macvector.com/,Yes,"MacVector, Inc., PMB 150, PO Box 582, 1939 High House Rd., Cary, NC 27519 and PO Box 582, Cambridge, U.K. CB1 0FH",Distance matrix and computation programs
MAFFT,archived,2002,,alignment,http://align.bmr.kyushu-u.ac.jp/mafft/software/,http://web.archive.org/web/20100124160739/http://align.bmr.kyushu-u.ac.jp:80/mafft/software/,Yes,"Kazutaka Katoh, Hiroyuki Toh, K. Kuma, T. Miyata, and K. Misawa",Maximum likelihood and Bayesian programs
MALIGN,dormant,1973,C,alignment; parsimony,http://research.amnh.org/scicomp/projects/malign.php,,No,Ward Wheeler,Maximum likelihood and Bayesian programs
MANTiS,archived,2008,Java,gene-duplication; genomics,http://www.mantisdb.org,http://web.archive.org/web/20251109155507/http://www.mantisdb.org/,Yes,"Athanasia C. Tzika, Raphaël Helaers, and Michel Milinkovitch",Maximum likelihood and Bayesian programs
MAPPS,dormant,2002,,model-selection,http://www.simmap.com/bollback/software.html,,No,Jonathan Bollback,Maximum likelihood and Bayesian programs
Mavric,dormant,,Python,tree-visualization,http://www.bioinformatics.org/mavric/index.html,,No,Richard H. Ree,"Tree visualization, simulation, and other programs"
MBEToolbox,dormant,2005,Matlab,utility,http://bioinformatics.org/mbetoolbox/,,No,James J. Cai,"Tree visualization, simulation, and other programs"
McRate,dormant,2004,,clock-dating; likelihood,http://www.tau.ac.il/~talp/MCMC/McRate.html,,No,Itay Mayrose and Tal Pupko,Maximum likelihood and Bayesian programs
MEGA,archived,1993,,bootstrap; clock-dating; consensus; distance; general-purpose; parsimony; tree-visualization,http://www.megasoftware.net,http://web.archive.org/web/20260207095133/https://www.megasoftware.net/,Yes,,Parsimony programs
MESA,dormant,,,comparative-methods; simulation; tree-comparison; tree-visualization,http://www.agapow.net/software/mesa,,No,Paul Michael Agapow,"Tree visualization, simulation, and other programs"
Mesquite,dormant,2004,Java,bayesian; bootstrap; comparative-methods; consensus; general-purpose; likelihood; parsimony; simulation; tree-visualization,http://mesquiteproject.org,,No,Wayne Maddison,Parsimony programs
MetaPIGA,dormant,2001,Java,general-purpose; likelihood,http://www.metapiga.org,,No,Alan R. Lemmon ,"Tree visualization, simulation, and other programs"
METREE,archived,1992,,distance,http://iubio.bio.indiana.edu/soft/molbio/ibmpc/,http://web.archive.org/web/20180927223425/http://iubio.bio.indiana.edu:80/soft/molbio/ibmpc/,Yes,Andrey Rzhetsky,Distance matrix and computation programs
Mgenome,archived,2003,,gene-duplication; genomics,http://xungulab.com/publications/wuS03PSB.pdf,http://web.archive.org/web/20160826005953/http://xungulab.com/publications/wuS03PSB.pdf,Yes,Xun Gu,Maximum likelihood and Bayesian programs
Microsat,archived,1995,C,distance,http://hpgl.stanford.edu/projects/microsat/,http://web.archive.org/web/20120209022355/http://hpgl.stanford.edu/projects/microsat/,Yes,"Microsat versiobn 1.5, by Eric Minch, then","Tree visualization, simulation, and other programs"
MINSPNET,archived,,,distance,http://cmpg.unibe.ch/software.htm,http://web.archive.org/web/20100116095420/http://cmpg.unibe.ch:80/software.htm,Yes,Laurent Excoffier,Distance matrix and computation programs
MixtureTree,dead,2006,C,bootstrap; likelihood; tree-visualization,http://www.mixturetree.net/download.html,,No,Shu-chuan,Maximum likelihood and Bayesian programs
Modelfit,dormant,,Perl,likelihood; model-selection,http://www.abc.se/~nylander/,,No,Johan Nylander,Maximum likelihood and Bayesian programs
ModelGenerator,dead,2006,Java,bootstrap; likelihood; model-selection,http://bioinf.may.ie/modelgenerator/,,No,Thomas Keane,Maximum likelihood and Bayesian programs
Modeltest,archived,1998,,bootstrap; clock-dating; likelihood; model-selection,http://darwin.uvigo.es/software/modeltest.html,http://web.archive.org/web/20120620100525/http://darwin.uvigo.es/software/modeltest.html,Yes,David Posada,Maximum likelihood and Bayesian programs
MOLPHY,dormant,,C,likelihood,http://www.ism.ac.jp/ismlib/softother.e.html,,No,,Maximum likelihood and Bayesian programs
MP-EST,dormant,,,general-purpose,http://code.google.com/p/mp-est/,,No,,
MrAIC,dormant,,Perl,likelihood; model-selection,http://www.abc.se/~nylander/,,No,Johan Nylander,Maximum likelihood and Bayesian programs
MrBayes,archived,2001,,bayesian; bootstrap,http://mrbayes.net,,No,John Huelsenbeck,Maximum likelihood and Bayesian programs
MrBayes tree scanners,unknown,,,bayesian; bootstrap,,,No,,Maximum likelihood and Bayesian programs
MrBayesPlugin,archived,,Java,bayesian,http://www.biomath.ucla.edu/msuchard/software/software.htm,http://web.archive.org/web/20100706192155/http://www.biomath.ucla.edu/msuchard/software/software.htm,Yes,Marc Suchard,Maximum likelihood and Bayesian programs
MrEnt,dormant,,,tree-visualization,http://www.mrent.org,,No,Alessandro Zuccon and Dario Zuccon,"Tree visualization, simulation, and other programs"
MrModeltest,dormant,,,bootstrap; clock-dating; likelihood; model-selection,http://www.abc.se/~nylander/,,No,Johan Nylander,Maximum likelihood and Bayesian programs
MrMTgui,archived,,,bootstrap; clock-dating; likelihood; model-selection,http://genedrift.org/mtgui.php,http://web.archive.org/web/20110817031754/http://genedrift.org/mtgui.php,Yes,Paulo Nuin,Maximum likelihood and Bayesian programs
MSA,dormant,2003,,distance,http://i122server.vu-wien.ac.at/MSA/MSA_download.html,,No,Daniel Dieringer,"Tree visualization, simulation, and other programs"
MULTICOMP,dead,1994,C,distance,http://www.emi.unsw.edu.au/~lanlab/public/multicomp/download.htm,http://web.archive.org/web/20150805110026/http://www.emi.unsw.edu.au:80/~lanlab/public/multicomp/download.htm,Yes,"Peter Reeves, L. Farnell, and Ruiting Lan , then","Tree visualization, simulation, and other programs"
Multidivtime,archived,1998,C,bayesian; clock-dating,http://statgen.ncsu.edu/thorne/multidivtime.html,http://web.archive.org/web/20170812171517/http://statgen.ncsu.edu:80/thorne/multidivtime.html,Yes,Jeff Thorne,"Tree visualization, simulation, and other programs"
MultiPhyl,archived,2005,Java,bootstrap; likelihood,http://distributed.cs.nuim.ie/downloads.php,http://web.archive.org/web/20101102132723/http://distributed.cs.nuim.ie:80/downloads.php,Yes,"T. M. Keane, T.J. Naughton, S.A.A. Travers, J.O. McInerney, and G.P. McCormack",Maximum likelihood and Bayesian programs
Murka,dead,,,clock-dating; compatibility; consensus; distance; parsimony,http://phylomurka.sourceforge.net,,No,Valery Zaporozhchenko,Parsimony programs
MUSCLE,dormant,2004,,alignment,http://www.drive5.com/muscle/,,No,Robert Edgar,Maximum likelihood and Bayesian programs
MUST,dormant,1993,,utility,http://megasun.bch.umontreal.ca/Software/HPLab/must/must.html,,No,"MUST , version 5.15, a package of sequence management programs, was developed by Hervé Philippe","Tree visualization, simulation, and other programs"
MVSP,archived,,,distance,http://www.kovcomp.com/mvsp/,http://web.archive.org/web/20151003021033/http://www.kovcomp.com:80/mvsp/,Yes,Warren Kovach,Distance matrix and computation programs
NEPAL,dormant,2006,,likelihood,http://bioinfo.cs.rice.edu/nepal/index.html,,No,Guohua Jin and Luay Nakhleh,Maximum likelihood and Bayesian programs
NetRecodon,archived,2010,C,simulation,http://darwin.uvigo.es/software/netrecodon.html,http://web.archive.org/web/20120620100507/http://darwin.uvigo.es/software/netrecodon.html,Yes,Miguel Arenas and David Posada,"Tree visualization, simulation, and other programs"
Network,dormant,1995,,clock-dating; network; parsimony; recombination; simulation,http://www.fluxus-engineering.com/sharenet.htm,,No,"Arne Röhl, Peter Forster, and Hans-Jürgen Bandelt",Maximum likelihood and Bayesian programs
NHML,archived,1998,C,clock-dating; likelihood,http://162.38.181.1/nhml/nhml.html,http://web.archive.org/web/20080318205634/http://162.38.181.1:80/nhml/nhml.html,Yes,Nicolas Galtier and Manolo Gouy,"Tree visualization, simulation, and other programs"
nhPhyML,archived,1998,C,likelihood,http://pbil.univ-lyon1.fr/software/nhphyml/,http://web.archive.org/web/20230411011555/https://pbil.univ-lyon1.fr/software/nhphyml/,Yes,Bastien Boussau,Maximum likelihood and Bayesian programs
NimbleTree,archived,,,distance; likelihood; parsimony; utility,http://sray.med.som.jhmi.edu/SCRoftware/nimbletree/,http://web.archive.org/web/20260101093504/https://sray.med.som.jhmi.edu/SCRoftware/NimbleTree/,Yes,Stuart Ray,"Tree visualization, simulation, and other programs"
NINJA,archived,2009,Java,distance,http://nimbletwist.com/software/ninja/,http://web.archive.org/web/20210619112808/http://nimbletwist.com/software/ninja/,Yes,Travis Wheeler,Distance matrix and computation programs
NJplot,archived,1996,,tree-visualization,http://pbil.univ-lyon1.fr/software/njplot.html,http://web.archive.org/web/20130511210254/http://pbil.univ-lyon1.fr/software/njplot.html,Yes,Manolo Gouy,"Tree visualization, simulation, and other programs"
nneighbor,archived,,C,distance,http://www.t10.lanl.gov/billb/related_links.html,http://web.archive.org/web/20090114064631/http://www.t10.lanl.gov/billb/related_links.html,Yes,William J. Bruno,Distance matrix and computation programs
NONA,dormant,1993,,parsimony,http://www.cladistics.com/aboutNona.htm,,No,Pablo Goloboff,Parsimony programs
Notung,dormant,2005,Java,gene-duplication; genomics; parsimony; tree-visualization,http://www.cs.cmu.edu/~durand/Notung/,,No,"Benjamin Vernot, Aiton Goldman and Dannie Dur",Maximum likelihood and Bayesian programs
NSA,archived,,Visual Basic,distance,http://perso.wanadoo.fr/daniel.montagnon/NSAAng.htm,http://web.archive.org/web/20050912193534/http://perso.wanadoo.fr:80/daniel.montagnon/NSAAng.htm,Yes,Daniel Montagnon,Distance matrix and computation programs
NTSYSpc,archived,,,consensus; distance,http://www.exetersoftware.com/cat/ntsyspc/ntsyspc.html,http://web.archive.org/web/20200222003735/http://exetersoftware.com:80/cat/ntsyspc/ntsyspc.html,Yes,F. James Rohlf has written NTSYSpc,Distance matrix and computation programs
ODEN,unknown,1994,C,distance,,,No,Yasuo Ina,Maximum likelihood and Bayesian programs
OSA,unknown,1995,Pascal,bootstrap; distance,,,No,"María Jesús Martín and Joaquín Dopazo , then",Distance matrix and computation programs
OUCH,archived,2004,R,comparative-methods,http://tsuga.biology.lsa.umich.edu/king/ouch/,http://web.archive.org/web/20090106135835/http://tsuga.biology.lsa.umich.edu:80/king/ouch/,Yes,Aaron King and Marguerite Butler,"Tree visualization, simulation, and other programs"
p4,archived,,Python,bayesian; likelihood,http://www.bmnh.org/web_users/pf/p4.html,http://web.archive.org/web/20140530082214/http://www.bmnh.org:80/web_users/pf/p4.html,Yes,Peter Foster,Maximum likelihood and Bayesian programs
PAL,dead,2001,Java,bayesian; bootstrap; clock-dating; distance; general-purpose; likelihood; simulation; tree-comparison,http://www.cebl.auckland.ac.nz/pal-project/,http://web.archive.org/web/20140609211424/http://www.cebl.auckland.ac.nz:80/pal-project/,Yes,"Matthew Goode , Alexei Drummond, Ed Buckler, and Korbinian Strimmer, together with seven other contributors, have released PAL",Parsimony programs
Paloverde,archived,,C,tree-visualization,http://loco.biosci.arizona.edu/paloverde/paloverde.html,http://web.archive.org/web/20160131094028/http://loco.biosci.arizona.edu/paloverde/paloverde.html,Yes,Mike Sanderson,"Tree visualization, simulation, and other programs"
PAML,archived,1997,C,bayesian; clock-dating; distance; likelihood; simulation,http://abacus.gene.ucl.ac.uk/software/paml.html,http://web.archive.org/web/20250709145258/http://abacus.gene.ucl.ac.uk/software/paml.html,Yes,Ziheng Yang,Maximum likelihood and Bayesian programs
ParaFit,archived,2002,Fortran,biogeography; host-parasite,http://www.bio.umontreal.ca/casgrain/en/labo/parafit.html,http://web.archive.org/web/20120402050104/http://www.bio.umontreal.ca/casgrain/en/labo/parafit.html,Yes,Pierre Legendre,Maximum likelihood and Bayesian programs
PARAT,dormant,2003,C,likelihood,http://www.cibiv.at/software/parat/,,No,"Sonja Meyer and Arndt von Haeseler, then",Maximum likelihood and Bayesian programs
PARBOOT,dead,,C; Perl,bootstrap; likelihood; utility,http://microbe.bio.indiana.edu:7131/soft/iubionew/molbio/evolution/phylo/ParBoot/,,No,"Pierre Rioux and Tim Littlejohn , then",Maximum likelihood and Bayesian programs
Parsimov,archived,2005,Perl,comparative-methods; parsimony,http://www.uni-oldenburg.de/molekularesystematik/en/34011.html#EvoDevo,http://web.archive.org/web/20090120142210/http://www.uni-oldenburg.de:80/molekularesystematik/en/34011.html,Yes,Jon Jeffery,Parsimony programs
partimatrix,archived,1997,C,compatibility; recombination,http://www.cecalc.ula.ve/BIOINFO/servicios/herr1/PARTIMATRIX/manual.htm,http://web.archive.org/web/20180306190658/http://www.cecalc.ula.ve:80/BIOINFO/servicios/herr1/PARTIMATRIX/manual.htm,Yes,"Ingrid Jakobsen , Susan Wilson, and Simon Easteal",Maximum likelihood and Bayesian programs
PASSML,dormant,1998,C,likelihood,http://www.ebi.ac.uk/goldman/hmm/passml.html,,No,Pietro Liò,Maximum likelihood and Bayesian programs
PAST,dormant,2001,,bootstrap; clock-dating; consensus; parsimony,http://palaeo-electronica.org/2001_1/past/issue1_01.htm,,No,Øyvind Hammer ,"Tree visualization, simulation, and other programs"
PATHd8,archived,2002,C,clock-dating,http://www.math.su.se/PATHd8/index.html,http://web.archive.org/web/20250328025930/https://www2.math.su.se/PATHd8/index.html,Yes,"Tom Britton, Cajsa Anderson, David Jacquet, Samuel Lundqvist, and Kåre Bremer","Tree visualization, simulation, and other programs"
PAUP*,dormant,1993,,bootstrap; consensus; distance; general-purpose; likelihood; parsimony; tree-visualization,http://paup.csit.fsu.edu/,,No,David Swofford,Parsimony programs
PAUPRat,archived,,,likelihood; parsimony,http://users.iab.uaf.edu/~derek_sikes/software2.htm,http://web.archive.org/web/20120708013205/http://users.iab.uaf.edu/~derek_sikes/software2.htm,Yes,Derek Sikes,Parsimony programs
PaupUp,archived,,,bootstrap; consensus; distance; general-purpose; likelihood; parsimony; tree-visualization,http://www.agro-montpellier.fr/sppe/Recherche/JFM/PaupUp/,http://web.archive.org/web/20180912134345/http://www.agro-montpellier.fr:80/sppe/Recherche/JFM/PaupUp/,Yes,Frédéric Calendini and Jean-Francois Martin,Parsimony programs
PC-ORD,archived,,,distance,http://home.centurytel.net/~mjm/pcordwin.htm,http://web.archive.org/web/20150325104429/http://home.centurytel.net:80/~mjm/pcordwin.htm,Yes,B. McCune and M. J. Mefford,Distance matrix and computation programs
pcca,archived,2008,,comparative-methods,http://anolis.oeb.harvard.edu/~liam/programs/,http://web.archive.org/web/20120103201739/http://anolis.oeb.harvard.edu:80/~liam/programs/,Yes,Liam Revell,"Tree visualization, simulation, and other programs"
PDAP,archived,1993,,comparative-methods; tree-visualization,http://www.biology.ucr.edu/people/faculty/Garland/PDAP.html,http://web.archive.org/web/20231207030222/https://biology.ucr.edu/people/faculty/Garland/PDAP.html,Yes,"Theodore Garland, Jr. ","Tree visualization, simulation, and other programs"
PEBBLE,unknown,,Java,clock-dating; distance,,,No,,Distance matrix and computation programs
Permute!,archived,,,bootstrap; comparative-methods,http://www.bio.umontreal.ca/casgrain/en/labo/permute/index.html,http://web.archive.org/web/20120402035653/http://www.bio.umontreal.ca/casgrain/en/labo/permute/index.html,Yes,Philippe Casgrain,Distance matrix and computation programs
phangorn,archived,2011,R,consensus; distance; general-purpose; likelihood; parsimony,http://cran.r-project.org/web/packages/phangorn/index.html,,No,"Klaus Schliep , then at Massey University, Palmerston North, New Zeal","Tree visualization, simulation, and other programs"
PHASE,archived,2002,,bayesian; bootstrap,http://www.bioinf.man.ac.uk/resources/phase/,http://web.archive.org/web/20250110110831/http://www.bioinf.man.ac.uk/resources/phase/,Yes,Vivek Gowri-Shankar and Howsun Jow,Maximum likelihood and Bayesian programs
Phybase,dead,2010,R,comparative-methods; compatibility; consensus; tree-visualization,http://cars.desu.edu/faculty/lliu/research/phybase.html,,No,Liang Liu and Lili Yu,"Tree visualization, simulation, and other programs"
PhyD*,dormant,,,general-purpose,http://www.atgc-montpellier.fr/phyd/,,No,,
PHYDIT,archived,,,sequence-editing; utility,http://plaza.snu.ac.kr/~jchun/phydit/,http://web.archive.org/web/20110819234856/http://plaza.snu.ac.kr:80/~jchun/phydit/,Yes,Jongsik Chun,"Tree visualization, simulation, and other programs"
Phylap,archived,,Java,teaching,http://babbage.clarku.edu/~djoyce/java/Phyltree/cover.html,http://web.archive.org/web/20060911214805/http://babbage.clarku.edu/~djoyce/java/Phyltree/cover.html,Yes,David Joyce,"Tree visualization, simulation, and other programs"
Phyledit,archived,,,sequence-editing; utility,http://perso.wanadoo.es/jjdeharo/phyledit/index.htm,http://web.archive.org/web/20190707052124/http://perso.wanadoo.es:80/jjdeharo/phyledit/index.htm,Yes,Juan José de Haro,"Tree visualization, simulation, and other programs"
PHYLIP,dormant,1980,C,bootstrap; clock-dating; comparative-methods; compatibility; consensus; distance; general-purpose; likelihood; parsimony; tree-visualization,http://evolution.gs.washington.edu/phylip.html,,No,,Parsimony programs
PHYLLAB,dormant,,Matlab,bayesian; bootstrap; likelihood; tree-visualization,http://amdec-bioinfo.cu-genome.org/html/misc/Pavel/phyllab.html,,No,Pavel Morozov and Andrey Rzhetsky,Maximum likelihood and Bayesian programs
Phylo_win,dead,1995,C,bootstrap; distance; general-purpose; likelihood; parsimony,http://pbil.univ-lyon1.fr/software/phylowin_legacy.html,http://web.archive.org/web/20240521112547/http://pbil.univ-lyon1.fr/software/phylowin_legacy.html,Yes,Nicholas Galtier,Maximum likelihood and Bayesian programs
phylobase,archived,,R,general-purpose,http://cran.r-project.org/web/packages/phylobase/index.html,,No,,
PhyloBayes,dormant,2004,,bayesian; bootstrap; clock-dating,http://www.atgc-montpellier.fr/phylobayes/binaries.php,,No,Nicolas Lartillot,Maximum likelihood and Bayesian programs
PhyloCoCo,archived,2007,Java,likelihood,http://homepages.ulb.ac.be/~dacatanz/Site/PhyloCoco.html,http://web.archive.org/web/20110808205252/http://homepages.ulb.ac.be/~dacatanz/Site/PhyloCoco.html,Yes,Daniele Catanzaro,Maximum likelihood and Bayesian programs
Phylocom,dormant,,,biogeography; comparative-methods; tree-visualization,http://www.phylodiversity.net/phylocom/,,No,"Campbell Webb, David Ackerley, and Steven Kembel","Tree visualization, simulation, and other programs"
Phylodendron,archived,1990,Java,tree-visualization,http://iubio.bio.indiana.edu/soft/molbio/java/apps/trees/,http://web.archive.org/web/20190217163057/http://iubio.bio.indiana.edu:80/soft/molbio/java/apps/trees/,Yes,Don Gilbert,"Tree visualization, simulation, and other programs"
Phylogen,unknown,,,simulation,,,No,,"Tree visualization, simulation, and other programs"
Phylogenetic Independence,unknown,,,comparative-methods,,,No,,"Tree visualization, simulation, and other programs"
Phylogenetic Investigator,archived,1996,,teaching,http://bioquest.org/BQLibrary/library_details.php?product_id=22909,http://web.archive.org/web/20211025022017/https://bioquest.org/BQLibrary/library_details.php?product_id=22909,Yes,Steven Brewer,"Tree visualization, simulation, and other programs"
Phylogenetic Tree Drawing,unknown,,,tree-visualization,,,No,,"Tree visualization, simulation, and other programs"
PHYLOGR,archived,,R,comparative-methods,http://cran.r-project.org/web/packages/PHYLOGR/index.html,,No,Ramón Díaz-Uriarte,"Tree visualization, simulation, and other programs"
PhyloNet,dormant,2008,Java,bootstrap; parsimony; recombination,http://bioinfo.cs.rice.edu/phylonet/index.html,,No,"Luay Nakhleh, Derek Ruths, and Cuong Than",Maximum likelihood and Bayesian programs
PhyloQuart,dormant,2000,C,quartets,http://www.lirmm.fr/~vberry/PHYLOQUART/phyloquart.html,,No,Vincent Berry,Maximum likelihood and Bayesian programs
PhyloSort,archived,2008,Java,consensus,http://phylosort.sourceforge.net/,http://web.archive.org/web/20251206024800/https://phylosort.sourceforge.net/,Yes,"Ahmed Moustafa , then","Tree visualization, simulation, and other programs"
PhyloWidget,dormant,2008,Java,tree-visualization,http://www.phylowidget.org/,,No,Gregory Jordan,"Tree visualization, simulation, and other programs"
PHYLTEST,archived,1992,,bootstrap; clock-dating; distance; quartets,http://iubio.bio.indiana.edu/soft/molbio/ibmpc/,http://web.archive.org/web/20180927223425/http://iubio.bio.indiana.edu:80/soft/molbio/ibmpc/,Yes,Sudhir Kumar,Distance matrix and computation programs
Phyltools,unknown,,,bootstrap; distance,,,No,,Distance matrix and computation programs
PHYML,dormant,2003,,bootstrap; likelihood,http://www.atgc-montpellier.fr/phyml/binaries.php,,No,Stéphane Guindon,Maximum likelihood and Bayesian programs
PhyML-mixtures,dormant,,,general-purpose,http://www.atgc-montpellier.fr/models/index.php?model=mixture,,No,a PhyML version for mixture of amino acid models,
PhyML-Multi,archived,2009,C,likelihood; recombination,http://pbil.univ-lyon1.fr/software/phyml_multi/,http://web.archive.org/web/20220707094833/http://pbil.univ-lyon1.fr/software/phyml_multi/,Yes,Bastien Boussau,Maximum likelihood and Bayesian programs
PhyNav,dormant,2004,,consensus; likelihood,http://www.cibiv.at/software/phynav/,,No,Le Sy Vinh,Maximum likelihood and Bayesian programs
PhyRe,dormant,2010,Python,tree-comparison,http://www.mozoolab.net/index.php/software-download.html,,No,"Federico Plazzi, Ronald Robert Ferrucci, and Marco Passamonti","Tree visualization, simulation, and other programs"
PhySIC_IST,unknown,,,consensus,,,No,,"Tree visualization, simulation, and other programs"
PHYSIG,dormant,2003,Matlab,comparative-methods; likelihood,http://biology.ucr.edu/people/faculty/Garland/PHYSIG.html,,No,Ted Garl,"Tree visualization, simulation, and other programs"
Phyutility,dormant,2008,Java,bootstrap; consensus; tree-comparison; tree-visualization,http://code.google.com/p/phyutility/,,No,Stephen A. Smith and Casey W. Dunn ,"Tree visualization, simulation, and other programs"
PICA,archived,,,bootstrap; compatibility; quartets,http://www.nhm.ac.uk/research-curation/projects/software/mwphylogeny.html,http://web.archive.org/web/20080627173532/http://www.nhm.ac.uk:80/research-curation/projects/software/mwphylogeny.html,Yes,Mark Wilkinson,"Tree visualization, simulation, and other programs"
PISE,archived,2001,Perl,utility,http://www.pasteur.fr/recherche/unites/sis/Pise/,http://web.archive.org/web/20151226070143/http://www.pasteur.fr/recherche/unites/sis/Pise/,Yes,Catherine Letondal,"Tree visualization, simulation, and other programs"
PLATO,dead,1997,,likelihood; recombination,http://microbe.bio.indiana.edu:7131/soft/iubionew/molbio/dna/analysis/Plato/,,No,Nick Grassly ,Maximum likelihood and Bayesian programs
POPGENE,dormant,,,distance; population-genetics,http://www.ualberta.ca/~fyeh/index.htm,,No,Francis Yeh,Distance matrix and computation programs
POPTREE2,unknown,,,bootstrap; distance; tree-visualization,,,No,,Distance matrix and computation programs
Populations,unknown,,,bootstrap; distance; population-genetics,,,No,Olivier Langella,Distance matrix and computation programs
Porn*,archived,,Python,bootstrap; clock-dating; likelihood; model-selection,http://www.phylodiversity.net/cbell/pornstar/,http://web.archive.org/web/20201201113702/http://phylodiversity.net/cbell/pornstar/,Yes,Charles Bell,Maximum likelihood and Bayesian programs
POY,dormant,1999,C,alignment; parsimony,http://research.amnh.org/scicomp/projects/poy.php,,No,Ward Wheeler,Maximum likelihood and Bayesian programs
PPH,archived,2002,Perl,compatibility; recombination,http://wwwcsif.cs.ucdavis.edu/~gusfield/pph.html,http://web.archive.org/web/20100610021044/http://wwwcsif.cs.ucdavis.edu/~gusfield/pph.html,Yes,Dan Gusfield,Maximum likelihood and Bayesian programs
PRAP,archived,2004,Java,bootstrap; likelihood; parsimony,http://systevol.nees.uni-bonn.de/software,http://web.archive.org/web/20090421065343/http://systevol.nees.uni-bonn.de:80/software,Yes,Kai Müller,Parsimony programs
PROCOV,dormant,2007,C,likelihood,http://www.mathstat.dal.ca/~hcwang/procov.html,,No,"Haichun Wang, Matthew Spencer, Ed Susko, and Andrew Roger",Maximum likelihood and Bayesian programs
ProfDist,dormant,2004,,distance,http://profdist.bioapps.biozentrum.uni-wuerzburg.de/,,No,"Joachim Friedrich, Thomas Dandekar, Matthias Wolf, and Tobias Müller",Distance matrix and computation programs
ProSeq,archived,2002,,sequence-editing; simulation,http://dps.plants.ox.ac.uk/sequencing/proseq.htm,http://web.archive.org/web/20180124003659/http://dps.plants.ox.ac.uk:80/sequencing/proseq.htm,Yes,Dmitry Filatov ,"Tree visualization, simulation, and other programs"
ProtTest,archived,2005,Java,bootstrap; likelihood; model-selection,http://darwin.uvigo.es/software/prottest.html,http://web.archive.org/web/20190228161039/http://darwin.uvigo.es:80/software/prottest.html,Yes,David Posada,Maximum likelihood and Bayesian programs
PSeq-Gen,dead,,,simulation,http://iubio.bio.indiana.edu/soft/iubionew/molbio/evolution/phylo/PSeq-Gen/main.html,,No,Nick Grassly,"Tree visualization, simulation, and other programs"
PSODA,dormant,,,parsimony,http://dna.cs.byu.edu/psoda/,,No,"Quinn Snell, Mark Clement, and Hyrum Carroll",Parsimony programs
PTP,unknown,,,distance; general-purpose; likelihood,,,No,Oclair Prado,"Tree visualization, simulation, and other programs"
puzzleboot,dormant,,,bootstrap; distance,http://rogerlab.biochemistryandmolecularbiology.dal.ca/Software/Software.htm#puzzleboot,,No,"Mike Holder , formerly",Maximum likelihood and Bayesian programs
PyCogent,archived,2007,C; Python,utility,http://pycogent.sourceforge.net/,http://web.archive.org/web/20221106104158/https://pycogent.sourceforge.net/,Yes,"Gavin Huttley, Rob Knight, PyCogent Development Team",Parsimony programs
qclust,archived,,C; Java,distance,http://www.biology.ualberta.ca/jbrzusto/dosclust.html,http://web.archive.org/web/20250910164418/http://www.biology.ualberta.ca/jbrzusto/dosclust.html,Yes,John Brzustowski ,Distance matrix and computation programs
QDate,unknown,1998,C,clock-dating,,,No,Andrew Rambaut,"Tree visualization, simulation, and other programs"
Quartet Suite,dormant,,,consensus; quartets,http://genome.cs.iastate.edu/CBL/download/,,No,Raul Piaggio,"Tree visualization, simulation, and other programs"
QuickTree,dormant,2002,C,distance,http://www.sanger.ac.uk/resources/software/quicktree/,,No,"Kevin Howe, Alex Bateman, and Richard Durbin",Distance matrix and computation programs
r8s,archived,2003,,clock-dating,http://loco.biosci.arizona.edu/r8s/index.html,http://web.archive.org/web/20151206142334/http://loco.biosci.arizona.edu:80/r8s/index.html,Yes,Mike Sanderson,Distance matrix and computation programs
r8s-bootstrap,dead,,Perl,bootstrap; likelihood,http://www.bergianska.se/index_forskning_soft.html,http://web.archive.org/web/20110806140113/http://www.bergianska.se/index_forskning_soft.html,Yes,Torsten Eriksson,Distance matrix and computation programs
RA,unknown,,,parsimony,,,No,J. S. Farris has written RA,Parsimony programs
RadCon,archived,2000,,consensus; tree-comparison; tree-visualization,http://www.poissonconsulting.ca/index.php/software/,http://web.archive.org/web/20121003071945/http://www.poissonconsulting.ca/index.php/software/,Yes,Joseph Thorley,"Tree visualization, simulation, and other programs"
Rainbow,dormant,2003,,consensus,http://genome.cs.iastate.edu/CBL/download/,,No,"Duhong Chen, Oliver Eulenstein, and David Fernández-Baca","Tree visualization, simulation, and other programs"
Random Cladistics,dormant,,,bootstrap; utility,http://research.amnh.org/~siddall/rc.html,,No,"Mark Siddall , Assistant Curator",Parsimony programs
RAPDistance,dead,,,distance,http://www.rsbs.anu.edu.au/Products&Services/BiotechnologyTransferUnit/rapdistance.php,,No,"John Armstrong, Adrian Gibbs, R. Peakall and George Weiller","Tree visualization, simulation, and other programs"
rate-evolution,dead,1998,C,clock-dating; likelihood,http://www.santafe.edu/~btk/science-paper/bette.html,http://web.archive.org/web/20081221223635/http://www.santafe.edu:80/~btk/science-paper/bette.html,Yes,Bette Korber,"Tree visualization, simulation, and other programs"
Rate4Site,dormant,2004,,distance; likelihood,http://www.tau.ac.il/~itaymay/cp/rate4site.html,,No,Itay Mayrose,Maximum likelihood and Bayesian programs
RAxML,dormant,2004,C,bootstrap; consensus; likelihood,http://sco.h-its.org/exelixis/software.html,,No,Alexandros Stamatakis,Maximum likelihood and Bayesian programs
raxmlGUI,dormant,2011,Python,bootstrap; consensus; likelihood,https://sites.google.com/site/raxmlgui/,,No,Daniele Silvestro and Ingo Michalak,Maximum likelihood and Bayesian programs
RDP3,archived,2000,,recombination,http://darwin.uvigo.es/rdp/rdp.html,http://web.archive.org/web/20240625090059/http://darwin.uvigo.es./rdp/rdp.html,Yes,Darren P. Martin and Ed Rybicki,Maximum likelihood and Bayesian programs
REAP,archived,1992,,distance,http://bioweb.wku.edu/faculty/mcelroy/,http://web.archive.org/web/20120928154304/http://bioweb.wku.edu:80/faculty/Mcelroy/,Yes,Doug McElroy,Distance matrix and computation programs
Recodon,archived,2007,C,simulation,http://darwin.uvigo.es/software/recodon.html,http://web.archive.org/web/20120620100516/http://darwin.uvigo.es/software/recodon.html,Yes,Miguel Arenas and David Posada,"Tree visualization, simulation, and other programs"
RecPars,archived,1993,C,recombination,http://www.daimi.au.dk/~compbio/recpars/recpars.html,http://web.archive.org/web/20190130122252/http://www.daimi.au.dk:80/~compbio/recpars/recpars.html,Yes,"Kim Fisker , then",Maximum likelihood and Bayesian programs
REDCON,archived,,,consensus,http://www.nhm.ac.uk/research-curation/research/projects/software/mwphylogeny.html,http://web.archive.org/web/20110109044427/http://www.nhm.ac.uk/research-curation/research/projects/software/mwphylogeny.html,Yes,Mark Wilkinson,"Tree visualization, simulation, and other programs"
RESTSITE,archived,1990,,distance,http://www-genome.wi.mit.edu/~jmiller/restsite.htm,http://web.archive.org/web/20080725090006/http://www-genome.wi.mit.edu/~jmiller/restsite.htm,Yes,Joyce Miller Hersh,Distance matrix and computation programs
RevDNArates,dead,2000,C,likelihood,http://www.santafe.edu/~btk/science-paper/bette.html,http://web.archive.org/web/20081221223635/http://www.santafe.edu:80/~btk/science-paper/bette.html,Yes,Bette Korber,Maximum likelihood and Bayesian programs
Rhino,unknown,,,clock-dating; likelihood,,,No,,"Tree visualization, simulation, and other programs"
RIND,archived,1996,C,comparative-methods,http://www.t10.lanl.gov/billb/rind/,http://web.archive.org/web/20090114133525/http://www.t10.lanl.gov/billb/rind/,Yes,Bill Bruno,"Tree visualization, simulation, and other programs"
Robinson and Foulds distance,unknown,,,consensus,,,No,,"Tree visualization, simulation, and other programs"
Rococo,dormant,,,general-purpose,http://bibiserv.techfak.uni-bielefeld.de/rococo/,http://web.archive.org/web/20250612164947/https://bibiserv.techfak.uni-bielefeld.de/rococo,Yes,,
ROSE,dormant,1998,,simulation,http://bibiserv.techfak.uni-bielefeld.de/rose/,http://web.archive.org/web/20251206031431/https://bibiserv.techfak.uni-bielefeld.de/rose,Yes,"Jens Stoye, Dirk Evers and Folker Meyer","Tree visualization, simulation, and other programs"
rRNA phylogeny,unknown,,,distance; likelihood,,,No,,"Tree visualization, simulation, and other programs"
RRTree,dormant,1998,C,clock-dating,http://bioinfo.unil.ch/rrtree/,,No,Marc Robinson-Rechavi ,"Tree visualization, simulation, and other programs"
RSTCALC,archived,1997,,distance; population-genetics,http://www.biology.ed.ac.uk/research/institutes/evolution/software/rst/rst.html,http://web.archive.org/web/20100416081811/http://www.biology.ed.ac.uk:80/research/institutes/evolution/software/rst/rst.html,Yes,"Simon Goodman, then",Distance matrix and computation programs
S-DIVA,archived,2010,,biogeography; tree-visualization,http://mnh.scu.edu.cn/s-diva/,http://web.archive.org/web/20180627100950/http://mnh.scu.edu.cn:80/S-DIVA,Yes,Yu Yan ,Maximum likelihood and Bayesian programs
scaleboot,dead,2002,R,bootstrap,http://www.is.titech.ac.jp/~shimo/prog/scaleboot/index.html,,No,Hidetoshi Shimodaira,Maximum likelihood and Bayesian programs
SDM,dormant,,,general-purpose,http://www.atgc-montpellier.fr/sdm/,,No,,
SeaView,archived,1996,,alignment; distance; general-purpose; likelihood; parsimony; tree-visualization; utility,http://pbil.univ-lyon1.fr/software/seaview.html,http://web.archive.org/web/20131204000413/http://pbil.univ-lyon1.fr/software/seaview.html,Yes,Manolo Gouy,Maximum likelihood and Bayesian programs
Segminator,archived,2010,Java,likelihood; tree-visualization; utility,http://www.bioinf.manchester.ac.uk/segminator/,http://web.archive.org/web/20250326163657/http://www.bioinf.manchester.ac.uk/segminator/,Yes,John Archer and David Robertson,"Tree visualization, simulation, and other programs"
SEMPHY,archived,2002,,distance; likelihood,http://compbio.cs.huji.ac.il/semphy/,http://web.archive.org/web/20260129121352/https://compbio.cs.huji.ac.il/semphy/,Yes,"Nir Friedman, Matan Ninio, Tal Pupko, Eval Privman, and Itshak Pe'er",Maximum likelihood and Bayesian programs
sendbs,archived,1989,,distance,http://www.bio.psu.edu/People/Faculty/Nei/Lab/software.htm,http://web.archive.org/web/20090721014727/http://www.bio.psu.edu:80/people/faculty/nei/lab/software.htm,Yes,Naoko Takezaki,Distance matrix and computation programs
Seq-Gen,unknown,1997,,simulation,,,No,Andrew Rambaut,"Tree visualization, simulation, and other programs"
SeqPup,archived,,C; Java,distance; likelihood; sequence-editing; utility,http://iubio.bio.indiana.edu/soft/molbio/seqpup/java/seqpup-doc.html,http://web.archive.org/web/20181126222341/http://iubio.bio.indiana.edu:80/soft/molbio/seqpup/java/seqpup-doc.html,Yes,Don Gilbert,"Tree visualization, simulation, and other programs"
SeqState,archived,2005,Java,likelihood; parsimony,http://systevol.nees.uni-bonn.de/software/SeqState,http://web.archive.org/web/20090516010510/http://systevol.nees.uni-bonn.de:80/software/SeqState,Yes,Kai Müller,Parsimony programs
Serial NetEvolve,dormant,,,general-purpose,http://biorg.cis.fiu.edu/SNE/,,No,,
SGRunner,archived,,,simulation,http://homepage.mac.com/tpwilcox/FileSharing15.html,http://web.archive.org/web/20111118104358/http://homepage.mac.com:80/tpwilcox/FileSharing15.html,Yes,,"Tree visualization, simulation, and other programs"
SIMMAP,dormant,2002,,bayesian; comparative-methods; likelihood,http://www.simmap.com,,No,Jonathan Bollback ,Maximum likelihood and Bayesian programs
SimpleClade,archived,,,teaching; tree-visualization,http://www2.guilford.edu/geology/simpleclade/,http://web.archive.org/web/20080502225132/http://www.guilford.edu:80/geology/simpleclade/,Yes,Dave Dobson,"Tree visualization, simulation, and other programs"
Simplot,archived,1999,,bootstrap; distance; likelihood; parsimony; recombination; utility,http://sray.med.som.jhmi.edu/SCRoftware/simplot/,http://web.archive.org/web/20260114203706/https://sray.med.som.jhmi.edu/SCRoftware/SimPlot/,Yes,Stuart Ray,"Tree visualization, simulation, and other programs"
Simprot,archived,2005,C,simulation,http://www.uhnresearch.ca/labs/tillier/software.htm,http://web.archive.org/web/20160409035139/http://www.uhnresearch.ca/labs/tillier/software.htm,Yes,"Andy Pang, Andrew Smith, Paulo Nuin and Elisabeth Tillier","Tree visualization, simulation, and other programs"
Singapore PHYLIP web interface,unknown,,,utility,,,No,,"Tree visualization, simulation, and other programs"
SLOUCH,dormant,1977,R,comparative-methods,http://freshpond.org/software/SLOUCH/,,No,"Jason Pienaar, Thomas F. Hansen, and Steven Hecht Orzack of","Tree visualization, simulation, and other programs"
SLR,dormant,2005,C,likelihood,http://www.ebi.ac.uk/goldman/SLR/,,No,Tim Massingham and Nick Goldman,Maximum likelihood and Bayesian programs
sog,archived,,C,bootstrap; parsimony,http://iubio.bio.indiana.edu/soft/molbio/evolve/,http://web.archive.org/web/20180911020948/http://iubio.bio.indiana.edu:80/soft/molbio/evolve/,Yes,"John Czelusniak , then",Parsimony programs
SPAGeDi,archived,2002,,distance; population-genetics,http://ebe.ulb.ac.be/ebe/Software.html,http://web.archive.org/web/20220911221155/https://ebe.ulb.ac.be/ebe/Software.html,Yes,Olivier Hardy and Xavier Vekemans,Distance matrix and computation programs
Spectronet,archived,2002,,compatibility; likelihood; network; recombination; tree-visualization,http://awcmee.massey.ac.nz/spectronet/index.html,http://web.archive.org/web/20100525122046/http://awcmee.massey.ac.nz/spectronet/index.html,Yes,,Maximum likelihood and Bayesian programs
Spectrum,archived,1994,,likelihood,http://www.it.usyd.edu.au/~mcharles/,http://web.archive.org/web/20091025101204/http://www.it.usyd.edu.au/~mcharles/,Yes,Mike Charleston,Maximum likelihood and Bayesian programs
SplitsTree,archived,1998,Java,distance; likelihood; network; quartets,http://www.splitstree.org,http://web.archive.org/web/20220121204751/http://splitstree.org/,Yes,Daniel Huson,Maximum likelihood and Bayesian programs
SSA,dormant,2001,,likelihood,http://www.stat.ohio-state.edu/~lkubatko/software/ssa/ssa.html,,No,Laura Salter Kubatko,Maximum likelihood and Bayesian programs
SSIMUL,dormant,,,general-purpose,http://www.atgc-montpellier.fr/ssimul/,,No,,
START2,unknown,,,distance; recombination,,,No,,Distance matrix and computation programs
Statio,archived,1994,,distance; model-selection,https://homes.bio.psu.edu/people/faculty/nei/software.htm,http://web.archive.org/web/20100614180921/http://homes.bio.psu.edu/people/faculty/nei/software.htm,Yes,"Andrey Rzhetsky, now",Distance matrix and computation programs
STC,dormant,2005,,distance; quartets,http://www.cibiv.at/software/stc/,,No,Le Sy Vinh,Distance matrix and computation programs
SuiteMSA,dormant,2007,Java; Perl,alignment; simulation; tree-visualization; utility,http://bioinfolab.unl.edu/~canderson/SuiteMSA/,,No,Catherine Anderson,"Tree visualization, simulation, and other programs"
SuperTree,archived,2002,Java,consensus; supertrees,http://www2.unil.ch/phylo/bioinformatics/supertree.html,http://web.archive.org/web/20170713101718/https://www2.unil.ch/phylo/bioinformatics/supertree.html,Yes,Nicolas Salamin at the Department,"Tree visualization, simulation, and other programs"
Supertree,archived,2002,Java,consensus; supertrees,http://www2.unil.ch/phylo/bioinformatics/supertree.html,http://web.archive.org/web/20170713101718/https://www2.unil.ch/phylo/bioinformatics/supertree.html,Yes,Nicolas Salamin at the Department,"Tree visualization, simulation, and other programs"
Supertree scripts,archived,,Perl,consensus; supertrees,http://www.molekularesystematik.uni-oldenburg.de/33997.html,http://web.archive.org/web/20130522081507/http://www.molekularesystematik.uni-oldenburg.de:80/33997.html,Yes,Olaf Bininda-Emonds at the Institut für Biologie und Umweltwissenschaften,"Tree visualization, simulation, and other programs"
Swaap,archived,,,distance,http://www.bacteriamuseum.org/SWAAP/SwaapPage.htm#Swaap,http://web.archive.org/web/20201101223413/http://www.bacteriamuseum.org/SWAAP/SwaapPage.htm,Yes,David T. Pride,Distance matrix and computation programs
Swaap PH,unknown,,,distance,,,No,David T. Pride,Distance matrix and computation programs
SWORDS,archived,2001,,bootstrap; distance,http://www.isical.ac.in/~probal/main.htm,http://web.archive.org/web/20210731225030/https://www.isical.ac.in/~probal/main.htm,Yes,Probal Chaudhuri,Distance matrix and computation programs
SymmeTREE,archived,2004,,clock-dating; tree-comparison,http://www.phylodiversity.net/bmoore/software.html,http://web.archive.org/web/20221013234233/https://www.phylodiversity.net/bmoore/software.html,Yes,Kai Chan,Distance matrix and computation programs
SYN-TAX,unknown,1993,,distance,,,No,János Podani,Distance matrix and computation programs
T-Coffee,dormant,2000,,alignment,http://www.tcoffee.org/Projects_home_page/t_coffee_home_page.html,,No,Cédric Notredame,Maximum likelihood and Bayesian programs
T-REX,archived,1997,,bootstrap; distance; recombination; tree-visualization,http://www.labunix.uqam.ca/~makarenv/trex.html,http://web.archive.org/web/20100305183355/http://www.labunix.uqam.ca:80/~makarenv/trex.html,Yes,Vladimir Makarenkov,Distance matrix and computation programs
Tarzan,dormant,2005,Java,biogeography; host-parasite,http://pacosy.informatik.uni-leipzig.de/pv/Software/Tarzan/PV-Tarzan.engl.html,,No,"Steffen Junick, Daniel Merkle, and Martin Middendorf ",Maximum likelihood and Bayesian programs
TAXEQ3,archived,1995,,bootstrap; consensus,http://www.nhm.ac.uk/research-curation/research/projects/software/mwphylogeny.html,http://web.archive.org/web/20110109044427/http://www.nhm.ac.uk/research-curation/research/projects/software/mwphylogeny.html,Yes,Mark Wilkinson,"Tree visualization, simulation, and other programs"
TCS,archived,1992,Java,distance; network; parsimony; recombination,http://darwin.uvigo.es/software/tcs.html,http://web.archive.org/web/20190402190845/http://darwin.uvigo.es:80/software/tcs.html,Yes,"Mark Clement, David Posada, and Keith Crandall",Parsimony programs
TFPGA,archived,,,distance; population-genetics,http://www.marksgeneticsoftware.net/,http://web.archive.org/web/20220402095415/http://www.marksgeneticsoftware.net/,Yes,Mark Miller,Distance matrix and computation programs
TIGER,archived,2011,Python,compatibility,http://bioinf.nuim.ie/tiger,http://web.archive.org/web/20140812122544/http://bioinf.nuim.ie/tiger/,Yes,Carla Cummins and James McInerney,Maximum likelihood and Bayesian programs
TIMER,archived,2001,,clock-dating; distance,https://homes.bio.psu.edu/people/faculty/nei/software.htm,http://web.archive.org/web/20100614180921/http://homes.bio.psu.edu/people/faculty/nei/software.htm,Yes,"Galina Glazko, now",Distance matrix and computation programs
TipDate,dead,2000,,clock-dating; likelihood,http://microbe.bio.indiana.edu:7131/soft/iubionew/molbio/evolution/evolve/TipDate/,,No,Andrew Rambaut,Maximum likelihood and Bayesian programs
TNT,archived,2007,,parsimony,http://www.zmuc.dk/public/phylogeny/TNT,http://web.archive.org/web/20200120175045/http://www.zmuc.dk:80/public/phylogeny/tnt/,Yes,Pablo Goloboff,Parsimony programs
TOPALi,dead,2004,Java,recombination; utility,http://www.topali.org,,No,"Iain Milne, Dominik Lindner, and Frank Wright",Maximum likelihood and Bayesian programs
TopD/fMts,dead,2007,Perl,consensus; gene-duplication; genomics,http://genomes.urv.es/topd/,,No,Pere Puigbò Avalos,"Tree visualization, simulation, and other programs"
Tracer,dormant,,Java,bayesian; bootstrap; tree-comparison,http://tree.bio.ed.ac.uk/software/tracer/,,No,Alexei Drummond,Maximum likelihood and Bayesian programs
Tree Draw Deck,unknown,,,tree-visualization,,,No,Don Gilbert,"Tree visualization, simulation, and other programs"
Tree Tracker,archived,2007,Perl,gene-duplication; genomics,http://www.uv.es/~genomica/treetracker/,http://web.archive.org/web/20231118040316/https://www.uv.es/~genomica/treetracker/,Yes,Antonio Marco and Ignacio Marín,Maximum likelihood and Bayesian programs
TREE-PUZZLE,dormant,1996,C,distance; likelihood; quartets,http://www.tree-puzzle.de,,No,Heiko Schmidt,Maximum likelihood and Bayesian programs
TreeAlign,unknown,1973,C,alignment,,,No,Jotun Hein,Maximum likelihood and Bayesian programs
TREECON,dormant,1993,,distance; tree-visualization,http://bioinformatics.psb.ugent.be/software_details.php?id=3,,No,TREECON version 1.3b is a software package developed by Yves Van de Peer,Distance matrix and computation programs
TreeDis,dead,,,comparative-methods,http://www.rsbs.anu.edu.au/Products&Services/BiotechnologyTransferUnit/tredis.php,,No,Georg Weiller ,"Tree visualization, simulation, and other programs"
TreeDyn,archived,2006,,tree-visualization,http://www.treedyn.org/,http://web.archive.org/web/20230306144913/http://www.treedyn.org/,Yes,François Chevenet and colleagues,"Tree visualization, simulation, and other programs"
TreeEdit,dormant,,,clock-dating; tree-visualization,http://tree.bio.ed.ac.uk/software/treeedit/,,No,Andrew Rambaut,"Tree visualization, simulation, and other programs"
TreeExplorer,dead,,,tree-visualization,http://evolgen.biol.metro-u.ac.jp/TE/TE_man.html,http://web.archive.org/web/20110815224229/http://evolgen.biol.metro-u.ac.jp/TE/TE_man.html,Yes,Koichiro Tamura,"Tree visualization, simulation, and other programs"
Treefinder,dormant,2004,Java,bootstrap; clock-dating; consensus; likelihood; simulation; tree-visualization,http://www.treefinder.de,,No,Gangolf Jobb,Maximum likelihood and Bayesian programs
TreeFit,archived,2007,,clock-dating; distance,http://www.montana.edu/kalinowski/Software/TreeFit.htm,http://web.archive.org/web/20170512233646/http://www.montana.edu:80/kalinowski/Software/TreeFit.htm,Yes,Steven Kalinowski,Distance matrix and computation programs
TreeFitter,archived,,,biogeography; host-parasite,http://www.ebc.uu.se/systzoo/research/treefitter/treefitter.html,http://web.archive.org/web/20100418162835/http://www.ebc.uu.se:80/systzoo/research/treefitter/treefitter.html,Yes,Fredrik Ronquist,Maximum likelihood and Bayesian programs
TreeGraph 2,unknown,,,tree-visualization,,,No,,"Tree visualization, simulation, and other programs"
TreeJuxtaposer,archived,2003,Java,tree-visualization,http://olduvai.sourceforge.net/tj/index.shtml,http://web.archive.org/web/20241225120520/https://olduvai.sourceforge.net/tj/index.shtml,Yes,Tamara Munzer,"Tree visualization, simulation, and other programs"
TreeMaker,dormant,2005,C,tree-visualization,http://www.agapow.net/software/treemaker,,No,Paul Michael Agapow ,"Tree visualization, simulation, and other programs"
TREEMAP,dead,1994,Java,biogeography; consensus; host-parasite,http://www.it.usyd.edu.au/~mcharles/software/treemap/treemap3.html,,No,Rod Page,Maximum likelihood and Bayesian programs
TreeMe,dead,,,tree-visualization,http://www.sequentix.de/software_treeme.php,http://web.archive.org/web/20221201203814/https://www.sequentix.de/software_treeme.php,Yes,Dominik Hepperle,"Tree visualization, simulation, and other programs"
TreeRogue,dead,,,general-purpose,https://stat.ethz.ch/pipermail/r-sig-phylo/2010-October/000816.html,http://web.archive.org/web/20130121112050/https://stat.ethz.ch/pipermail/r-sig-phylo/2010-October/000816.html,Yes,,
TreeRot,dormant,1997,Perl,bootstrap,http://people.bu.edu/msoren/TreeRot.html,,No,Michael Sorenson,Parsimony programs
TreeSAAP,archived,2003,Java,comparative-methods,http://dna.cs.byu.edu/treesaap/,http://web.archive.org/web/20220618043151/http://dna.cs.byu.edu/treesaap/,Yes,"Steve Woolley , then","Tree visualization, simulation, and other programs"
TreeScan,archived,2005,C,tree-comparison,http://darwin.uvigo.es/software/treescan.html,http://web.archive.org/web/20190308085923/http://darwin.uvigo.es:80/software/treescan.html,Yes,David Posada,"Tree visualization, simulation, and other programs"
TreeSetViz,dormant,2005,Java,tree-visualization,http://comet.lehman.cuny.edu/treeviz/software.html,,No,,"Tree visualization, simulation, and other programs"
TreeSnatcher Plus,unknown,,,tree-visualization,,,No,,"Tree visualization, simulation, and other programs"
TreeStat,dormant,,Java,tree-comparison,http://tree.bio.ed.ac.uk/software/treestat/,,No,Andrew Rambaut,"Tree visualization, simulation, and other programs"
TreeThief,dead,,,tree-visualization,http://microbe.bio.indiana.edu:7131/soft/iubionew/molbio/evolution/phylo/TreeThief/,,No,Andrew Rambaut,"Tree visualization, simulation, and other programs"
TreeTool,archived,,C,tree-visualization,http://iubio.bio.indiana.edu/soft/molbio/unix/treetool,http://web.archive.org/web/20180924162413/http://iubio.bio.indiana.edu:80/soft/molbio/unix/treetool/,Yes,"Mike Maciukenas , then at the Department","Tree visualization, simulation, and other programs"
TreeToy,dormant,,Java,tree-visualization,http://www2.biology.ualberta.ca/jbrzusto/TreeToy.php,,No,John Brzustowski,"Tree visualization, simulation, and other programs"
TreeView,archived,1996,,tree-visualization,http://taxonomy.zoology.gla.ac.uk/rod/treeview.html,http://web.archive.org/web/20180716044134/http://taxonomy.zoology.gla.ac.uk/rod/treeview.html,Yes,Rod Page,"Tree visualization, simulation, and other programs"
Treevolve and PTreevolve,unknown,,,simulation,,,No,,"Tree visualization, simulation, and other programs"
UGENE,archived,,,distance; tree-visualization,http://ugene.unipro.ru,http://web.archive.org/web/20150803004339/http://ugene.unipro.ru/,Yes,The UGENE team,"Tree visualization, simulation, and other programs"
unrooted,archived,,,tree-visualization,http://pbil.univ-lyon1.fr/software/unrooted.html,http://web.archive.org/web/20240228224253/http://pbil.univ-lyon1.fr/software/unrooted.html,Yes,Manolo Gouy,"Tree visualization, simulation, and other programs"
Vanilla,dormant,,Java,bayesian; distance; likelihood; simulation; tree-comparison,http://strimmerlab.org/software/vanilla/index.html,http://web.archive.org/web/20200613230202/http://www.strimmerlab.org:80/software/vanilla/index.html,Yes,Korbinian Strimmer ,Parsimony programs
W2H,archived,,,utility,http://www.w2h.dkfz-heidelberg.de/,http://web.archive.org/web/20220711094113/http://www.w2h.dkfz-heidelberg.de/,Yes,Martin Senger,"Tree visualization, simulation, and other programs"
weighbor,dead,2000,C,distance,http://www.t10.lanl.gov/billb/weighbor/index.html,http://web.archive.org/web/20090114065333/http://www.t10.lanl.gov/billb/weighbor/index.html,Yes,"William J. Bruno, Nicholas D. Socci, and Aaron L. Halpern",Distance matrix and computation programs
Willson quartets programs,unknown,,,quartets,,,No,,Maximum likelihood and Bayesian programs
Winboot,archived,,,bootstrap; distance,http://archive.irri.org/science/software/winboot.asp,http://web.archive.org/web/20110214092429/http://archive.irri.org:80/science/software/winboot.asp,Yes,"Immanuel Yap, now",Distance matrix and computation programs
WINCLADA,dormant,,,tree-visualization,http://www.cladistics.com/about_winc.htm,,No,Kevin Nixon,Parsimony programs
YCDMA,archived,,Visual Basic,distance,http://perso.wanadoo.fr/daniel.montagnon/YCDMAAng.htm,http://web.archive.org/web/20060430172105/http://perso.wanadoo.fr:80/daniel.montagnon/YCDMAAng.htm,Yes,Daniel Montagnon,Distance matrix and computation programs
